,Marke,Titel,Price,Verfügbarkeit
0,ESP,LTD H-1001 QM See Thru B-Stock,999,Sofort lieferbar
1,Ibanez,RG5120M-FCN B-Stock,1.659,Sofort lieferbar
2,Schecter,Hellraiser C-7 FR S BL B-Stock,1.199,Sofort lieferbar
3,Jackson,DK Mod Pro Dinky EverT B-Stock,1.365,Sofort lieferbar
4,Schecter,Hellraiser C-7 FR S BC B-Stock,1.299,Sofort lieferbar
5,Schecter,Demon-6 Satin Black Bundle,666,In 6–8 Wochen lieferbar
6,Music Man,Petrucci JP15 Quilt CP,4.798,Lieferbar in mehreren Monaten
7,BC Rich,Shredzilla Extreme Exotic PH,1.498,Sofort lieferbar
8,BC Rich,Shredzilla Extreme Exo B-Stock,1.339,Sofort lieferbar
9,Schecter,Reaper-6 FR Satin Sky  B-Stock,879,Sofort lieferbar
10,Ibanez,JCRG2002-SLH J. Custom,6.999,Sofort lieferbar
11,Schecter,SLS Elite C-1 FR S BFB B-Stock,1.389,Sofort lieferbar
12,Schecter,Demon-6 Satin Black Bundle,666,In 6–8 Wochen lieferbar
13,Squier,CV 70s Strat LRL OW B-Stock,349,Sofort lieferbar
14,BC Rich,Shredzilla Extreme Exotic SM,1.649,Sofort lieferbar
15,Charvel,Pro-Mod DK24 HH 2PT CM B-Stock,789,Sofort lieferbar
16,Fender,LTD Player Strat HSS M B-Stock,685,Sofort lieferbar
17,Squier,Bullet Strat HSS Bundle,290,Sofort lieferbar
18,Harley Benton,CST-24 BK Bundle,367,In 5–7 Wochen lieferbar
19,Harley Benton,CST-24T Paradise Flame Bundle,446,In 5–7 Wochen lieferbar
20,Harley Benton,ST-20 BK Standard Serie Bundle,169,In 1–2 Wochen lieferbar
21,ESP,LTD H-1001 QM See Thru B-Stock,999,Sofort lieferbar
22,Ibanez,RG5120M-FCN B-Stock,1.659,Sofort lieferbar
23,Schecter,Hellraiser C-7 FR S BL B-Stock,1.199,Sofort lieferbar
24,Jackson,DK Mod Pro Dinky EverT B-Stock,1.365,Sofort lieferbar
25,Schecter,Hellraiser C-7 FR S BC B-Stock,1.299,Sofort lieferbar
26,Schecter,Demon-6 Satin Black Bundle,666,In 6–8 Wochen lieferbar
27,Music Man,Petrucci JP15 Quilt CP,4.798,Lieferbar in mehreren Monaten
28,BC Rich,Shredzilla Extreme Exotic PH,1.498,Sofort lieferbar
29,BC Rich,Shredzilla Extreme Exo B-Stock,1.339,Sofort lieferbar
30,Schecter,Reaper-6 FR Satin Sky  B-Stock,879,Sofort lieferbar
31,Ibanez,JCRG2002-SLH J. Custom,6.999,Sofort lieferbar
32,Schecter,SLS Elite C-1 FR S BFB B-Stock,1.389,Sofort lieferbar
33,Schecter,Demon-6 Satin Black Bundle,666,In 6–8 Wochen lieferbar
34,Squier,CV 70s Strat LRL OW B-Stock,349,Sofort lieferbar
35,BC Rich,Shredzilla Extreme Exotic SM,1.649,Sofort lieferbar
36,Charvel,Pro-Mod DK24 HH 2PT CM B-Stock,789,Sofort lieferbar
37,Fender,LTD Player Strat HSS M B-Stock,685,Sofort lieferbar
38,Squier,Bullet Strat HSS Bundle,290,Sofort lieferbar
39,Harley Benton,CST-24 BK Bundle,367,In 5–7 Wochen lieferbar
40,Harley Benton,CST-24T Paradise Flame Bundle,446,In 5–7 Wochen lieferbar
41,Harley Benton,ST-20 BK Standard Serie Bundle,169,In 1–2 Wochen lieferbar
42,ESP,LTD H-1001 QM See Thru B-Stock,999,Sofort lieferbar
43,Ibanez,RG5120M-FCN B-Stock,1.659,Sofort lieferbar
44,Schecter,Hellraiser C-7 FR S BL B-Stock,1.199,Sofort lieferbar
45,Jackson,DK Mod Pro Dinky EverT B-Stock,1.365,Sofort lieferbar
46,Schecter,Hellraiser C-7 FR S BC B-Stock,1.299,Sofort lieferbar
47,Schecter,Demon-6 Satin Black Bundle,666,In 6–8 Wochen lieferbar
48,Music Man,Petrucci JP15 Quilt CP,4.798,Lieferbar in mehreren Monaten
49,BC Rich,Shredzilla Extreme Exotic PH,1.498,Sofort lieferbar
50,BC Rich,Shredzilla Extreme Exo B-Stock,1.339,Sofort lieferbar
51,Schecter,Reaper-6 FR Satin Sky  B-Stock,879,Sofort lieferbar
52,Ibanez,JCRG2002-SLH J. Custom,6.999,Sofort lieferbar
53,Schecter,SLS Elite C-1 FR S BFB B-Stock,1.389,Sofort lieferbar
54,Schecter,Demon-6 Satin Black Bundle,666,In 6–8 Wochen lieferbar
55,Squier,CV 70s Strat LRL OW B-Stock,349,Sofort lieferbar
56,BC Rich,Shredzilla Extreme Exotic SM,1.649,Sofort lieferbar
57,Charvel,Pro-Mod DK24 HH 2PT CM B-Stock,789,Sofort lieferbar
58,Fender,LTD Player Strat HSS M B-Stock,685,Sofort lieferbar
59,Squier,Bullet Strat HSS Bundle,290,Sofort lieferbar
60,Harley Benton,CST-24 BK Bundle,367,In 5–7 Wochen lieferbar
61,Harley Benton,CST-24T Paradise Flame Bundle,446,In 5–7 Wochen lieferbar
62,Harley Benton,ST-20 BK Standard Serie Bundle,169,In 1–2 Wochen lieferbar
63,ESP,LTD H-1001 QM See Thru B-Stock,999,Sofort lieferbar
64,Ibanez,RG5120M-FCN B-Stock,1.659,Sofort lieferbar
65,Schecter,Hellraiser C-7 FR S BL B-Stock,1.199,Sofort lieferbar
66,Jackson,DK Mod Pro Dinky EverT B-Stock,1.365,Sofort lieferbar
67,Schecter,Hellraiser C-7 FR S BC B-Stock,1.299,Sofort lieferbar
68,Schecter,Demon-6 Satin Black Bundle,666,In 6–8 Wochen lieferbar
69,Music Man,Petrucci JP15 Quilt CP,4.798,Lieferbar in mehreren Monaten
70,BC Rich,Shredzilla Extreme Exotic PH,1.498,Sofort lieferbar
71,BC Rich,Shredzilla Extreme Exo B-Stock,1.339,Sofort lieferbar
72,Schecter,Reaper-6 FR Satin Sky  B-Stock,879,Sofort lieferbar
73,Ibanez,JCRG2002-SLH J. Custom,6.999,Sofort lieferbar
74,Schecter,SLS Elite C-1 FR S BFB B-Stock,1.389,Sofort lieferbar
75,Schecter,Demon-6 Satin Black Bundle,666,In 6–8 Wochen lieferbar
76,Squier,CV 70s Strat LRL OW B-Stock,349,Sofort lieferbar
77,BC Rich,Shredzilla Extreme Exotic SM,1.649,Sofort lieferbar
78,Charvel,Pro-Mod DK24 HH 2PT CM B-Stock,789,Sofort lieferbar
79,Fender,LTD Player Strat HSS M B-Stock,685,Sofort lieferbar
80,Squier,Bullet Strat HSS Bundle,290,Sofort lieferbar
81,Harley Benton,CST-24 BK Bundle,367,In 5–7 Wochen lieferbar
82,Harley Benton,CST-24T Paradise Flame Bundle,446,In 5–7 Wochen lieferbar
83,Harley Benton,ST-20 BK Standard Serie Bundle,169,In 1–2 Wochen lieferbar
84,ESP,LTD H-1001 QM See Thru B-Stock,999,Sofort lieferbar
85,Ibanez,RG5120M-FCN B-Stock,1.659,Sofort lieferbar
86,Schecter,Hellraiser C-7 FR S BL B-Stock,1.199,Sofort lieferbar
87,Jackson,DK Mod Pro Dinky EverT B-Stock,1.365,Sofort lieferbar
88,Schecter,Hellraiser C-7 FR S BC B-Stock,1.299,Sofort lieferbar
89,Schecter,Demon-6 Satin Black Bundle,666,In 6–8 Wochen lieferbar
90,Music Man,Petrucci JP15 Quilt CP,4.798,Lieferbar in mehreren Monaten
91,BC Rich,Shredzilla Extreme Exotic PH,1.498,Sofort lieferbar
92,BC Rich,Shredzilla Extreme Exo B-Stock,1.339,Sofort lieferbar
93,Schecter,Reaper-6 FR Satin Sky  B-Stock,879,Sofort lieferbar
94,Ibanez,JCRG2002-SLH J. Custom,6.999,Sofort lieferbar
95,Schecter,SLS Elite C-1 FR S BFB B-Stock,1.389,Sofort lieferbar
96,Schecter,Demon-6 Satin Black Bundle,666,In 6–8 Wochen lieferbar
97,Squier,CV 70s Strat LRL OW B-Stock,349,Sofort lieferbar
98,BC Rich,Shredzilla Extreme Exotic SM,1.649,Sofort lieferbar
99,Charvel,Pro-Mod DK24 HH 2PT CM B-Stock,789,Sofort lieferbar
100,Fender,LTD Player Strat HSS M B-Stock,685,Sofort lieferbar
101,Squier,Bullet Strat HSS Bundle,290,Sofort lieferbar
102,Harley Benton,CST-24 BK Bundle,367,In 5–7 Wochen lieferbar
103,Harley Benton,CST-24T Paradise Flame Bundle,446,In 5–7 Wochen lieferbar
104,Harley Benton,ST-20 BK Standard Serie Bundle,169,In 1–2 Wochen lieferbar
105,ESP,LTD H-1001 QM See Thru B-Stock,999,Sofort lieferbar
106,Ibanez,RG5120M-FCN B-Stock,1.659,Sofort lieferbar
107,Schecter,Hellraiser C-7 FR S BL B-Stock,1.199,Sofort lieferbar
108,Jackson,DK Mod Pro Dinky EverT B-Stock,1.365,Sofort lieferbar
109,Schecter,Hellraiser C-7 FR S BC B-Stock,1.299,Sofort lieferbar
110,Schecter,Demon-6 Satin Black Bundle,666,In 6–8 Wochen lieferbar
111,Music Man,Petrucci JP15 Quilt CP,4.798,Lieferbar in mehreren Monaten
112,BC Rich,Shredzilla Extreme Exotic PH,1.498,Sofort lieferbar
113,BC Rich,Shredzilla Extreme Exo B-Stock,1.339,Sofort lieferbar
114,Schecter,Reaper-6 FR Satin Sky  B-Stock,879,Sofort lieferbar
115,Ibanez,JCRG2002-SLH J. Custom,6.999,Sofort lieferbar
116,Schecter,SLS Elite C-1 FR S BFB B-Stock,1.389,Sofort lieferbar
117,Schecter,Demon-6 Satin Black Bundle,666,In 6–8 Wochen lieferbar
118,Squier,CV 70s Strat LRL OW B-Stock,349,Sofort lieferbar
119,BC Rich,Shredzilla Extreme Exotic SM,1.649,Sofort lieferbar
120,Charvel,Pro-Mod DK24 HH 2PT CM B-Stock,789,Sofort lieferbar
121,Fender,LTD Player Strat HSS M B-Stock,685,Sofort lieferbar
122,Squier,Bullet Strat HSS Bundle,290,Sofort lieferbar
123,Harley Benton,CST-24 BK Bundle,367,In 5–7 Wochen lieferbar
124,Harley Benton,CST-24T Paradise Flame Bundle,446,In 5–7 Wochen lieferbar
125,Harley Benton,ST-20 BK Standard Serie Bundle,169,In 1–2 Wochen lieferbar
126,ESP,LTD H-1001 QM See Thru B-Stock,999,Sofort lieferbar
127,Ibanez,RG5120M-FCN B-Stock,1.659,Sofort lieferbar
128,Schecter,Hellraiser C-7 FR S BL B-Stock,1.199,Sofort lieferbar
129,Jackson,DK Mod Pro Dinky EverT B-Stock,1.365,Sofort lieferbar
130,Schecter,Hellraiser C-7 FR S BC B-Stock,1.299,Sofort lieferbar
131,Schecter,Demon-6 Satin Black Bundle,666,In 6–8 Wochen lieferbar
132,Music Man,Petrucci JP15 Quilt CP,4.798,Lieferbar in mehreren Monaten
133,BC Rich,Shredzilla Extreme Exotic PH,1.498,Sofort lieferbar
134,BC Rich,Shredzilla Extreme Exo B-Stock,1.339,Sofort lieferbar
135,Schecter,Reaper-6 FR Satin Sky  B-Stock,879,Sofort lieferbar
136,Ibanez,JCRG2002-SLH J. Custom,6.999,Sofort lieferbar
137,Schecter,SLS Elite C-1 FR S BFB B-Stock,1.389,Sofort lieferbar
138,Schecter,Demon-6 Satin Black Bundle,666,In 6–8 Wochen lieferbar
139,Squier,CV 70s Strat LRL OW B-Stock,349,Sofort lieferbar
140,BC Rich,Shredzilla Extreme Exotic SM,1.649,Sofort lieferbar
141,Charvel,Pro-Mod DK24 HH 2PT CM B-Stock,789,Sofort lieferbar
142,Fender,LTD Player Strat HSS M B-Stock,685,Sofort lieferbar
143,Squier,Bullet Strat HSS Bundle,290,Sofort lieferbar
144,Harley Benton,CST-24 BK Bundle,367,In 5–7 Wochen lieferbar
145,Harley Benton,CST-24T Paradise Flame Bundle,446,In 5–7 Wochen lieferbar
146,Harley Benton,ST-20 BK Standard Serie Bundle,169,In 1–2 Wochen lieferbar
147,ESP,LTD H-1001 QM See Thru B-Stock,999,Sofort lieferbar
148,Ibanez,RG5120M-FCN B-Stock,1.659,Sofort lieferbar
149,Schecter,Hellraiser C-7 FR S BL B-Stock,1.199,Sofort lieferbar
150,Jackson,DK Mod Pro Dinky EverT B-Stock,1.365,Sofort lieferbar
151,Schecter,Hellraiser C-7 FR S BC B-Stock,1.299,Sofort lieferbar
152,Schecter,Demon-6 Satin Black Bundle,666,In 6–8 Wochen lieferbar
153,Music Man,Petrucci JP15 Quilt CP,4.798,Lieferbar in mehreren Monaten
154,BC Rich,Shredzilla Extreme Exotic PH,1.498,Sofort lieferbar
155,BC Rich,Shredzilla Extreme Exo B-Stock,1.339,Sofort lieferbar
156,Schecter,Reaper-6 FR Satin Sky  B-Stock,879,Sofort lieferbar
157,Ibanez,JCRG2002-SLH J. Custom,6.999,Sofort lieferbar
158,Schecter,SLS Elite C-1 FR S BFB B-Stock,1.389,Sofort lieferbar
159,Schecter,Demon-6 Satin Black Bundle,666,In 6–8 Wochen lieferbar
160,Squier,CV 70s Strat LRL OW B-Stock,349,Sofort lieferbar
161,BC Rich,Shredzilla Extreme Exotic SM,1.649,Sofort lieferbar
162,Charvel,Pro-Mod DK24 HH 2PT CM B-Stock,789,Sofort lieferbar
163,Fender,LTD Player Strat HSS M B-Stock,685,Sofort lieferbar
164,Squier,Bullet Strat HSS Bundle,290,Sofort lieferbar
165,Harley Benton,CST-24 BK Bundle,367,In 5–7 Wochen lieferbar
166,Harley Benton,CST-24T Paradise Flame Bundle,446,In 5–7 Wochen lieferbar
167,Harley Benton,ST-20 BK Standard Serie Bundle,169,In 1–2 Wochen lieferbar
168,ESP,LTD H-1001 QM See Thru B-Stock,999,Sofort lieferbar
169,Ibanez,RG5120M-FCN B-Stock,1.659,Sofort lieferbar
170,Schecter,Hellraiser C-7 FR S BL B-Stock,1.199,Sofort lieferbar
171,Jackson,DK Mod Pro Dinky EverT B-Stock,1.365,Sofort lieferbar
172,Schecter,Hellraiser C-7 FR S BC B-Stock,1.299,Sofort lieferbar
173,Schecter,Demon-6 Satin Black Bundle,666,In 6–8 Wochen lieferbar
174,Music Man,Petrucci JP15 Quilt CP,4.798,Lieferbar in mehreren Monaten
175,BC Rich,Shredzilla Extreme Exotic PH,1.498,Sofort lieferbar
176,BC Rich,Shredzilla Extreme Exo B-Stock,1.339,Sofort lieferbar
177,Schecter,Reaper-6 FR Satin Sky  B-Stock,879,Sofort lieferbar
178,Ibanez,JCRG2002-SLH J. Custom,6.999,Sofort lieferbar
179,Schecter,SLS Elite C-1 FR S BFB B-Stock,1.389,Sofort lieferbar
180,Schecter,Demon-6 Satin Black Bundle,666,In 6–8 Wochen lieferbar
181,Squier,CV 70s Strat LRL OW B-Stock,349,Sofort lieferbar
182,BC Rich,Shredzilla Extreme Exotic SM,1.649,Sofort lieferbar
183,Charvel,Pro-Mod DK24 HH 2PT CM B-Stock,789,Sofort lieferbar
184,Fender,LTD Player Strat HSS M B-Stock,685,Sofort lieferbar
185,Squier,Bullet Strat HSS Bundle,290,Sofort lieferbar
186,Harley Benton,CST-24 BK Bundle,367,In 5–7 Wochen lieferbar
187,Harley Benton,CST-24T Paradise Flame Bundle,446,In 5–7 Wochen lieferbar
188,Harley Benton,ST-20 BK Standard Serie Bundle,169,In 1–2 Wochen lieferbar
189,ESP,LTD H-1001 QM See Thru B-Stock,999,Sofort lieferbar
190,Ibanez,RG5120M-FCN B-Stock,1.659,Sofort lieferbar
191,Schecter,Hellraiser C-7 FR S BL B-Stock,1.199,Sofort lieferbar
192,Jackson,DK Mod Pro Dinky EverT B-Stock,1.365,Sofort lieferbar
193,Schecter,Hellraiser C-7 FR S BC B-Stock,1.299,Sofort lieferbar
194,Schecter,Demon-6 Satin Black Bundle,666,In 6–8 Wochen lieferbar
195,Music Man,Petrucci JP15 Quilt CP,4.798,Lieferbar in mehreren Monaten
196,BC Rich,Shredzilla Extreme Exotic PH,1.498,Sofort lieferbar
197,BC Rich,Shredzilla Extreme Exo B-Stock,1.339,Sofort lieferbar
198,Schecter,Reaper-6 FR Satin Sky  B-Stock,879,Sofort lieferbar
199,Ibanez,JCRG2002-SLH J. Custom,6.999,Sofort lieferbar
200,Schecter,SLS Elite C-1 FR S BFB B-Stock,1.389,Sofort lieferbar
201,Schecter,Demon-6 Satin Black Bundle,666,In 6–8 Wochen lieferbar
202,Squier,CV 70s Strat LRL OW B-Stock,349,Sofort lieferbar
203,BC Rich,Shredzilla Extreme Exotic SM,1.649,Sofort lieferbar
204,Charvel,Pro-Mod DK24 HH 2PT CM B-Stock,789,Sofort lieferbar
205,Fender,LTD Player Strat HSS M B-Stock,685,Sofort lieferbar
206,Squier,Bullet Strat HSS Bundle,290,Sofort lieferbar
207,Harley Benton,CST-24 BK Bundle,367,In 5–7 Wochen lieferbar
208,Harley Benton,CST-24T Paradise Flame Bundle,446,In 5–7 Wochen lieferbar
209,Harley Benton,ST-20 BK Standard Serie Bundle,169,In 1–2 Wochen lieferbar
210,ESP,LTD H-1001 QM See Thru B-Stock,999,Sofort lieferbar
211,Ibanez,RG5120M-FCN B-Stock,1.659,Sofort lieferbar
212,Schecter,Hellraiser C-7 FR S BL B-Stock,1.199,Sofort lieferbar
213,Jackson,DK Mod Pro Dinky EverT B-Stock,1.365,Sofort lieferbar
214,Schecter,Hellraiser C-7 FR S BC B-Stock,1.299,Sofort lieferbar
215,Schecter,Demon-6 Satin Black Bundle,666,In 6–8 Wochen lieferbar
216,Music Man,Petrucci JP15 Quilt CP,4.798,Lieferbar in mehreren Monaten
217,BC Rich,Shredzilla Extreme Exotic PH,1.498,Sofort lieferbar
218,BC Rich,Shredzilla Extreme Exo B-Stock,1.339,Sofort lieferbar
219,Schecter,Reaper-6 FR Satin Sky  B-Stock,879,Sofort lieferbar
220,Ibanez,JCRG2002-SLH J. Custom,6.999,Sofort lieferbar
221,Schecter,SLS Elite C-1 FR S BFB B-Stock,1.389,Sofort lieferbar
222,Schecter,Demon-6 Satin Black Bundle,666,In 6–8 Wochen lieferbar
223,Squier,CV 70s Strat LRL OW B-Stock,349,Sofort lieferbar
224,BC Rich,Shredzilla Extreme Exotic SM,1.649,Sofort lieferbar
225,Charvel,Pro-Mod DK24 HH 2PT CM B-Stock,789,Sofort lieferbar
226,Fender,LTD Player Strat HSS M B-Stock,685,Sofort lieferbar
227,Squier,Bullet Strat HSS Bundle,290,Sofort lieferbar
228,Harley Benton,CST-24 BK Bundle,367,In 5–7 Wochen lieferbar
229,Harley Benton,CST-24T Paradise Flame Bundle,446,In 5–7 Wochen lieferbar
230,Harley Benton,ST-20 BK Standard Serie Bundle,169,In 1–2 Wochen lieferbar
231,ESP,LTD H-1001 QM See Thru B-Stock,999,Sofort lieferbar
232,Ibanez,RG5120M-FCN B-Stock,1.659,Sofort lieferbar
233,Schecter,Hellraiser C-7 FR S BL B-Stock,1.199,Sofort lieferbar
234,Jackson,DK Mod Pro Dinky EverT B-Stock,1.365,Sofort lieferbar
235,Schecter,Hellraiser C-7 FR S BC B-Stock,1.299,Sofort lieferbar
236,Schecter,Demon-6 Satin Black Bundle,666,In 6–8 Wochen lieferbar
237,Music Man,Petrucci JP15 Quilt CP,4.798,Lieferbar in mehreren Monaten
238,BC Rich,Shredzilla Extreme Exotic PH,1.498,Sofort lieferbar
239,BC Rich,Shredzilla Extreme Exo B-Stock,1.339,Sofort lieferbar
240,Schecter,Reaper-6 FR Satin Sky  B-Stock,879,Sofort lieferbar
241,Ibanez,JCRG2002-SLH J. Custom,6.999,Sofort lieferbar
242,Schecter,SLS Elite C-1 FR S BFB B-Stock,1.389,Sofort lieferbar
243,Schecter,Demon-6 Satin Black Bundle,666,In 6–8 Wochen lieferbar
244,Squier,CV 70s Strat LRL OW B-Stock,349,Sofort lieferbar
245,BC Rich,Shredzilla Extreme Exotic SM,1.649,Sofort lieferbar
246,Charvel,Pro-Mod DK24 HH 2PT CM B-Stock,789,Sofort lieferbar
247,Fender,LTD Player Strat HSS M B-Stock,685,Sofort lieferbar
248,Squier,Bullet Strat HSS Bundle,290,Sofort lieferbar
249,Harley Benton,CST-24 BK Bundle,367,In 5–7 Wochen lieferbar
250,Harley Benton,CST-24T Paradise Flame Bundle,446,In 5–7 Wochen lieferbar
251,Harley Benton,ST-20 BK Standard Serie Bundle,169,In 1–2 Wochen lieferbar
252,ESP,LTD H-1001 QM See Thru B-Stock,999,Sofort lieferbar
253,Ibanez,RG5120M-FCN B-Stock,1.659,Sofort lieferbar
254,Schecter,Hellraiser C-7 FR S BL B-Stock,1.199,Sofort lieferbar
255,Jackson,DK Mod Pro Dinky EverT B-Stock,1.365,Sofort lieferbar
256,Schecter,Hellraiser C-7 FR S BC B-Stock,1.299,Sofort lieferbar
257,Schecter,Demon-6 Satin Black Bundle,666,In 6–8 Wochen lieferbar
258,Music Man,Petrucci JP15 Quilt CP,4.798,Lieferbar in mehreren Monaten
259,BC Rich,Shredzilla Extreme Exotic PH,1.498,Sofort lieferbar
260,BC Rich,Shredzilla Extreme Exo B-Stock,1.339,Sofort lieferbar
261,Schecter,Reaper-6 FR Satin Sky  B-Stock,879,Sofort lieferbar
262,Ibanez,JCRG2002-SLH J. Custom,6.999,Sofort lieferbar
263,Schecter,SLS Elite C-1 FR S BFB B-Stock,1.389,Sofort lieferbar
264,Schecter,Demon-6 Satin Black Bundle,666,In 6–8 Wochen lieferbar
265,Squier,CV 70s Strat LRL OW B-Stock,349,Sofort lieferbar
266,BC Rich,Shredzilla Extreme Exotic SM,1.649,Sofort lieferbar
267,Charvel,Pro-Mod DK24 HH 2PT CM B-Stock,789,Sofort lieferbar
268,Fender,LTD Player Strat HSS M B-Stock,685,Sofort lieferbar
269,Squier,Bullet Strat HSS Bundle,290,Sofort lieferbar
270,Harley Benton,CST-24 BK Bundle,367,In 5–7 Wochen lieferbar
271,Harley Benton,CST-24T Paradise Flame Bundle,446,In 5–7 Wochen lieferbar
272,Harley Benton,ST-20 BK Standard Serie Bundle,169,In 1–2 Wochen lieferbar
273,ESP,LTD H-1001 QM See Thru B-Stock,999,Sofort lieferbar
274,Ibanez,RG5120M-FCN B-Stock,1.659,Sofort lieferbar
275,Schecter,Hellraiser C-7 FR S BL B-Stock,1.199,Sofort lieferbar
276,Jackson,DK Mod Pro Dinky EverT B-Stock,1.365,Sofort lieferbar
277,Schecter,Hellraiser C-7 FR S BC B-Stock,1.299,Sofort lieferbar
278,Schecter,Demon-6 Satin Black Bundle,666,In 6–8 Wochen lieferbar
279,Music Man,Petrucci JP15 Quilt CP,4.798,Lieferbar in mehreren Monaten
280,BC Rich,Shredzilla Extreme Exotic PH,1.498,Sofort lieferbar
281,BC Rich,Shredzilla Extreme Exo B-Stock,1.339,Sofort lieferbar
282,Schecter,Reaper-6 FR Satin Sky  B-Stock,879,Sofort lieferbar
283,Ibanez,JCRG2002-SLH J. Custom,6.999,Sofort lieferbar
284,Schecter,SLS Elite C-1 FR S BFB B-Stock,1.389,Sofort lieferbar
285,Schecter,Demon-6 Satin Black Bundle,666,In 6–8 Wochen lieferbar
286,Squier,CV 70s Strat LRL OW B-Stock,349,Sofort lieferbar
287,BC Rich,Shredzilla Extreme Exotic SM,1.649,Sofort lieferbar
288,Charvel,Pro-Mod DK24 HH 2PT CM B-Stock,789,Sofort lieferbar
289,Fender,LTD Player Strat HSS M B-Stock,685,Sofort lieferbar
290,Squier,Bullet Strat HSS Bundle,290,Sofort lieferbar
291,Harley Benton,CST-24 BK Bundle,367,In 5–7 Wochen lieferbar
292,Harley Benton,CST-24T Paradise Flame Bundle,446,In 5–7 Wochen lieferbar
293,Harley Benton,ST-20 BK Standard Serie Bundle,169,In 1–2 Wochen lieferbar
294,ESP,LTD H-1001 QM See Thru B-Stock,999,Sofort lieferbar
295,Ibanez,RG5120M-FCN B-Stock,1.659,Sofort lieferbar
296,Schecter,Hellraiser C-7 FR S BL B-Stock,1.199,Sofort lieferbar
297,Jackson,DK Mod Pro Dinky EverT B-Stock,1.365,Sofort lieferbar
298,Schecter,Hellraiser C-7 FR S BC B-Stock,1.299,Sofort lieferbar
299,Schecter,Demon-6 Satin Black Bundle,666,In 6–8 Wochen lieferbar
300,Music Man,Petrucci JP15 Quilt CP,4.798,Lieferbar in mehreren Monaten
301,BC Rich,Shredzilla Extreme Exotic PH,1.498,Sofort lieferbar
302,BC Rich,Shredzilla Extreme Exo B-Stock,1.339,Sofort lieferbar
303,Schecter,Reaper-6 FR Satin Sky  B-Stock,879,Sofort lieferbar
304,Ibanez,JCRG2002-SLH J. Custom,6.999,Sofort lieferbar
305,Schecter,SLS Elite C-1 FR S BFB B-Stock,1.389,Sofort lieferbar
306,Schecter,Demon-6 Satin Black Bundle,666,In 6–8 Wochen lieferbar
307,Squier,CV 70s Strat LRL OW B-Stock,349,Sofort lieferbar
308,BC Rich,Shredzilla Extreme Exotic SM,1.649,Sofort lieferbar
309,Charvel,Pro-Mod DK24 HH 2PT CM B-Stock,789,Sofort lieferbar
310,Fender,LTD Player Strat HSS M B-Stock,685,Sofort lieferbar
311,Squier,Bullet Strat HSS Bundle,290,Sofort lieferbar
312,Harley Benton,CST-24 BK Bundle,367,In 5–7 Wochen lieferbar
313,Harley Benton,CST-24T Paradise Flame Bundle,446,In 5–7 Wochen lieferbar
314,Harley Benton,ST-20 BK Standard Serie Bundle,169,In 1–2 Wochen lieferbar
315,ESP,LTD H-1001 QM See Thru B-Stock,999,Sofort lieferbar
316,Ibanez,RG5120M-FCN B-Stock,1.659,Sofort lieferbar
317,Schecter,Hellraiser C-7 FR S BL B-Stock,1.199,Sofort lieferbar
318,Jackson,DK Mod Pro Dinky EverT B-Stock,1.365,Sofort lieferbar
319,Schecter,Hellraiser C-7 FR S BC B-Stock,1.299,Sofort lieferbar
320,Schecter,Demon-6 Satin Black Bundle,666,In 6–8 Wochen lieferbar
321,Music Man,Petrucci JP15 Quilt CP,4.798,Lieferbar in mehreren Monaten
322,BC Rich,Shredzilla Extreme Exotic PH,1.498,Sofort lieferbar
323,BC Rich,Shredzilla Extreme Exo B-Stock,1.339,Sofort lieferbar
324,Schecter,Reaper-6 FR Satin Sky  B-Stock,879,Sofort lieferbar
325,Ibanez,JCRG2002-SLH J. Custom,6.999,Sofort lieferbar
326,Schecter,SLS Elite C-1 FR S BFB B-Stock,1.389,Sofort lieferbar
327,Schecter,Demon-6 Satin Black Bundle,666,In 6–8 Wochen lieferbar
328,Squier,CV 70s Strat LRL OW B-Stock,349,Sofort lieferbar
329,BC Rich,Shredzilla Extreme Exotic SM,1.649,Sofort lieferbar
330,Charvel,Pro-Mod DK24 HH 2PT CM B-Stock,789,Sofort lieferbar
331,Fender,LTD Player Strat HSS M B-Stock,685,Sofort lieferbar
332,Squier,Bullet Strat HSS Bundle,290,Sofort lieferbar
333,Harley Benton,CST-24 BK Bundle,367,In 5–7 Wochen lieferbar
334,Harley Benton,CST-24T Paradise Flame Bundle,446,In 5–7 Wochen lieferbar
335,Harley Benton,ST-20 BK Standard Serie Bundle,169,In 1–2 Wochen lieferbar
336,ESP,LTD H-1001 QM See Thru B-Stock,999,Sofort lieferbar
337,Ibanez,RG5120M-FCN B-Stock,1.659,Sofort lieferbar
338,Schecter,Hellraiser C-7 FR S BL B-Stock,1.199,Sofort lieferbar
339,Jackson,DK Mod Pro Dinky EverT B-Stock,1.365,Sofort lieferbar
340,Schecter,Hellraiser C-7 FR S BC B-Stock,1.299,Sofort lieferbar
341,Schecter,Demon-6 Satin Black Bundle,666,In 6–8 Wochen lieferbar
342,Music Man,Petrucci JP15 Quilt CP,4.798,Lieferbar in mehreren Monaten
343,BC Rich,Shredzilla Extreme Exotic PH,1.498,Sofort lieferbar
344,BC Rich,Shredzilla Extreme Exo B-Stock,1.339,Sofort lieferbar
345,Schecter,Reaper-6 FR Satin Sky  B-Stock,879,Sofort lieferbar
346,Ibanez,JCRG2002-SLH J. Custom,6.999,Sofort lieferbar
347,Schecter,SLS Elite C-1 FR S BFB B-Stock,1.389,Sofort lieferbar
348,Schecter,Demon-6 Satin Black Bundle,666,In 6–8 Wochen lieferbar
349,Squier,CV 70s Strat LRL OW B-Stock,349,Sofort lieferbar
350,BC Rich,Shredzilla Extreme Exotic SM,1.649,Sofort lieferbar
351,Charvel,Pro-Mod DK24 HH 2PT CM B-Stock,789,Sofort lieferbar
352,Fender,LTD Player Strat HSS M B-Stock,685,Sofort lieferbar
353,Squier,Bullet Strat HSS Bundle,290,Sofort lieferbar
354,Harley Benton,CST-24 BK Bundle,367,In 5–7 Wochen lieferbar
355,Harley Benton,CST-24T Paradise Flame Bundle,446,In 5–7 Wochen lieferbar
356,Harley Benton,ST-20 BK Standard Serie Bundle,169,In 1–2 Wochen lieferbar
357,ESP,LTD H-1001 QM See Thru B-Stock,999,Sofort lieferbar
358,Ibanez,RG5120M-FCN B-Stock,1.659,Sofort lieferbar
359,Schecter,Hellraiser C-7 FR S BL B-Stock,1.199,Sofort lieferbar
360,Jackson,DK Mod Pro Dinky EverT B-Stock,1.365,Sofort lieferbar
361,Schecter,Hellraiser C-7 FR S BC B-Stock,1.299,Sofort lieferbar
362,Schecter,Demon-6 Satin Black Bundle,666,In 6–8 Wochen lieferbar
363,Music Man,Petrucci JP15 Quilt CP,4.798,Lieferbar in mehreren Monaten
364,BC Rich,Shredzilla Extreme Exotic PH,1.498,Sofort lieferbar
365,BC Rich,Shredzilla Extreme Exo B-Stock,1.339,Sofort lieferbar
366,Schecter,Reaper-6 FR Satin Sky  B-Stock,879,Sofort lieferbar
367,Ibanez,JCRG2002-SLH J. Custom,6.999,Sofort lieferbar
368,Schecter,SLS Elite C-1 FR S BFB B-Stock,1.389,Sofort lieferbar
369,Schecter,Demon-6 Satin Black Bundle,666,In 6–8 Wochen lieferbar
370,Squier,CV 70s Strat LRL OW B-Stock,349,Sofort lieferbar
371,BC Rich,Shredzilla Extreme Exotic SM,1.649,Sofort lieferbar
372,Charvel,Pro-Mod DK24 HH 2PT CM B-Stock,789,Sofort lieferbar
373,Fender,LTD Player Strat HSS M B-Stock,685,Sofort lieferbar
374,Squier,Bullet Strat HSS Bundle,290,Sofort lieferbar
375,Harley Benton,CST-24 BK Bundle,367,In 5–7 Wochen lieferbar
376,Harley Benton,CST-24T Paradise Flame Bundle,446,In 5–7 Wochen lieferbar
377,Harley Benton,ST-20 BK Standard Serie Bundle,169,In 1–2 Wochen lieferbar
378,ESP,LTD H-1001 QM See Thru B-Stock,999,Sofort lieferbar
379,Ibanez,RG5120M-FCN B-Stock,1.659,Sofort lieferbar
380,Schecter,Hellraiser C-7 FR S BL B-Stock,1.199,Sofort lieferbar
381,Jackson,DK Mod Pro Dinky EverT B-Stock,1.365,Sofort lieferbar
382,Schecter,Hellraiser C-7 FR S BC B-Stock,1.299,Sofort lieferbar
383,Schecter,Demon-6 Satin Black Bundle,666,In 6–8 Wochen lieferbar
384,Music Man,Petrucci JP15 Quilt CP,4.798,Lieferbar in mehreren Monaten
385,BC Rich,Shredzilla Extreme Exotic PH,1.498,Sofort lieferbar
386,BC Rich,Shredzilla Extreme Exo B-Stock,1.339,Sofort lieferbar
387,Schecter,Reaper-6 FR Satin Sky  B-Stock,879,Sofort lieferbar
388,Ibanez,JCRG2002-SLH J. Custom,6.999,Sofort lieferbar
389,Schecter,SLS Elite C-1 FR S BFB B-Stock,1.389,Sofort lieferbar
390,Schecter,Demon-6 Satin Black Bundle,666,In 6–8 Wochen lieferbar
391,Squier,CV 70s Strat LRL OW B-Stock,349,Sofort lieferbar
392,BC Rich,Shredzilla Extreme Exotic SM,1.649,Sofort lieferbar
393,Charvel,Pro-Mod DK24 HH 2PT CM B-Stock,789,Sofort lieferbar
394,Fender,LTD Player Strat HSS M B-Stock,685,Sofort lieferbar
395,Squier,Bullet Strat HSS Bundle,290,Sofort lieferbar
396,Harley Benton,CST-24 BK Bundle,367,In 5–7 Wochen lieferbar
397,Harley Benton,CST-24T Paradise Flame Bundle,446,In 5–7 Wochen lieferbar
398,Harley Benton,ST-20 BK Standard Serie Bundle,169,In 1–2 Wochen lieferbar
399,ESP,LTD H-1001 QM See Thru B-Stock,999,Sofort lieferbar
400,Ibanez,RG5120M-FCN B-Stock,1.659,Sofort lieferbar
401,Schecter,Hellraiser C-7 FR S BL B-Stock,1.199,Sofort lieferbar
402,Jackson,DK Mod Pro Dinky EverT B-Stock,1.365,Sofort lieferbar
403,Schecter,Hellraiser C-7 FR S BC B-Stock,1.299,Sofort lieferbar
404,Schecter,Demon-6 Satin Black Bundle,666,In 6–8 Wochen lieferbar
405,Music Man,Petrucci JP15 Quilt CP,4.798,Lieferbar in mehreren Monaten
406,BC Rich,Shredzilla Extreme Exotic PH,1.498,Sofort lieferbar
407,BC Rich,Shredzilla Extreme Exo B-Stock,1.339,Sofort lieferbar
408,Schecter,Reaper-6 FR Satin Sky  B-Stock,879,Sofort lieferbar
409,Ibanez,JCRG2002-SLH J. Custom,6.999,Sofort lieferbar
410,Schecter,SLS Elite C-1 FR S BFB B-Stock,1.389,Sofort lieferbar
411,Schecter,Demon-6 Satin Black Bundle,666,In 6–8 Wochen lieferbar
412,Squier,CV 70s Strat LRL OW B-Stock,349,Sofort lieferbar
413,BC Rich,Shredzilla Extreme Exotic SM,1.649,Sofort lieferbar
414,Charvel,Pro-Mod DK24 HH 2PT CM B-Stock,789,Sofort lieferbar
415,Fender,LTD Player Strat HSS M B-Stock,685,Sofort lieferbar
416,Squier,Bullet Strat HSS Bundle,290,Sofort lieferbar
417,Harley Benton,CST-24 BK Bundle,367,In 5–7 Wochen lieferbar
418,Harley Benton,CST-24T Paradise Flame Bundle,446,In 5–7 Wochen lieferbar
419,Harley Benton,ST-20 BK Standard Serie Bundle,169,In 1–2 Wochen lieferbar
420,ESP,LTD H-1001 QM See Thru B-Stock,999,Sofort lieferbar
421,Ibanez,RG5120M-FCN B-Stock,1.659,Sofort lieferbar
422,Schecter,Hellraiser C-7 FR S BL B-Stock,1.199,Sofort lieferbar
423,Jackson,DK Mod Pro Dinky EverT B-Stock,1.365,Sofort lieferbar
424,Schecter,Hellraiser C-7 FR S BC B-Stock,1.299,Sofort lieferbar
425,Schecter,Demon-6 Satin Black Bundle,666,In 6–8 Wochen lieferbar
426,Music Man,Petrucci JP15 Quilt CP,4.798,Lieferbar in mehreren Monaten
427,BC Rich,Shredzilla Extreme Exotic PH,1.498,Sofort lieferbar
428,BC Rich,Shredzilla Extreme Exo B-Stock,1.339,Sofort lieferbar
429,Schecter,Reaper-6 FR Satin Sky  B-Stock,879,Sofort lieferbar
430,Ibanez,JCRG2002-SLH J. Custom,6.999,Sofort lieferbar
431,Schecter,SLS Elite C-1 FR S BFB B-Stock,1.389,Sofort lieferbar
432,Schecter,Demon-6 Satin Black Bundle,666,In 6–8 Wochen lieferbar
433,Squier,CV 70s Strat LRL OW B-Stock,349,Sofort lieferbar
434,BC Rich,Shredzilla Extreme Exotic SM,1.649,Sofort lieferbar
435,Charvel,Pro-Mod DK24 HH 2PT CM B-Stock,789,Sofort lieferbar
436,Fender,LTD Player Strat HSS M B-Stock,685,Sofort lieferbar
437,Squier,Bullet Strat HSS Bundle,290,Sofort lieferbar
438,Harley Benton,CST-24 BK Bundle,367,In 5–7 Wochen lieferbar
439,Harley Benton,CST-24T Paradise Flame Bundle,446,In 5–7 Wochen lieferbar
440,Harley Benton,ST-20 BK Standard Serie Bundle,169,In 1–2 Wochen lieferbar
441,ESP,LTD H-1001 QM See Thru B-Stock,999,Sofort lieferbar
442,Ibanez,RG5120M-FCN B-Stock,1.659,Sofort lieferbar
443,Schecter,Hellraiser C-7 FR S BL B-Stock,1.199,Sofort lieferbar
444,Jackson,DK Mod Pro Dinky EverT B-Stock,1.365,Sofort lieferbar
445,Schecter,Hellraiser C-7 FR S BC B-Stock,1.299,Sofort lieferbar
446,Schecter,Demon-6 Satin Black Bundle,666,In 6–8 Wochen lieferbar
447,Music Man,Petrucci JP15 Quilt CP,4.798,Lieferbar in mehreren Monaten
448,BC Rich,Shredzilla Extreme Exotic PH,1.498,Sofort lieferbar
449,BC Rich,Shredzilla Extreme Exo B-Stock,1.339,Sofort lieferbar
450,Schecter,Reaper-6 FR Satin Sky  B-Stock,879,Sofort lieferbar
451,Ibanez,JCRG2002-SLH J. Custom,6.999,Sofort lieferbar
452,Schecter,SLS Elite C-1 FR S BFB B-Stock,1.389,Sofort lieferbar
453,Schecter,Demon-6 Satin Black Bundle,666,In 6–8 Wochen lieferbar
454,Squier,CV 70s Strat LRL OW B-Stock,349,Sofort lieferbar
455,BC Rich,Shredzilla Extreme Exotic SM,1.649,Sofort lieferbar
456,Charvel,Pro-Mod DK24 HH 2PT CM B-Stock,789,Sofort lieferbar
457,Fender,LTD Player Strat HSS M B-Stock,685,Sofort lieferbar
458,Squier,Bullet Strat HSS Bundle,290,Sofort lieferbar
459,Harley Benton,CST-24 BK Bundle,367,In 5–7 Wochen lieferbar
460,Harley Benton,CST-24T Paradise Flame Bundle,446,In 5–7 Wochen lieferbar
461,Harley Benton,ST-20 BK Standard Serie Bundle,169,In 1–2 Wochen lieferbar
462,ESP,LTD H-1001 QM See Thru B-Stock,999,Sofort lieferbar
463,Ibanez,RG5120M-FCN B-Stock,1.659,Sofort lieferbar
464,Schecter,Hellraiser C-7 FR S BL B-Stock,1.199,Sofort lieferbar
465,Jackson,DK Mod Pro Dinky EverT B-Stock,1.365,Sofort lieferbar
466,Schecter,Hellraiser C-7 FR S BC B-Stock,1.299,Sofort lieferbar
467,Schecter,Demon-6 Satin Black Bundle,666,In 6–8 Wochen lieferbar
468,Music Man,Petrucci JP15 Quilt CP,4.798,Lieferbar in mehreren Monaten
469,BC Rich,Shredzilla Extreme Exotic PH,1.498,Sofort lieferbar
470,BC Rich,Shredzilla Extreme Exo B-Stock,1.339,Sofort lieferbar
471,Schecter,Reaper-6 FR Satin Sky  B-Stock,879,Sofort lieferbar
472,Ibanez,JCRG2002-SLH J. Custom,6.999,Sofort lieferbar
473,Schecter,SLS Elite C-1 FR S BFB B-Stock,1.389,Sofort lieferbar
474,Schecter,Demon-6 Satin Black Bundle,666,In 6–8 Wochen lieferbar
475,Squier,CV 70s Strat LRL OW B-Stock,349,Sofort lieferbar
476,BC Rich,Shredzilla Extreme Exotic SM,1.649,Sofort lieferbar
477,Charvel,Pro-Mod DK24 HH 2PT CM B-Stock,789,Sofort lieferbar
478,Fender,LTD Player Strat HSS M B-Stock,685,Sofort lieferbar
479,Squier,Bullet Strat HSS Bundle,290,Sofort lieferbar
480,Harley Benton,CST-24 BK Bundle,367,In 5–7 Wochen lieferbar
481,Harley Benton,CST-24T Paradise Flame Bundle,446,In 5–7 Wochen lieferbar
482,Harley Benton,ST-20 BK Standard Serie Bundle,169,In 1–2 Wochen lieferbar
483,ESP,LTD H-1001 QM See Thru B-Stock,999,Sofort lieferbar
484,Ibanez,RG5120M-FCN B-Stock,1.659,Sofort lieferbar
485,Schecter,Hellraiser C-7 FR S BL B-Stock,1.199,Sofort lieferbar
486,Jackson,DK Mod Pro Dinky EverT B-Stock,1.365,Sofort lieferbar
487,Schecter,Hellraiser C-7 FR S BC B-Stock,1.299,Sofort lieferbar
488,Schecter,Demon-6 Satin Black Bundle,666,In 6–8 Wochen lieferbar
489,Music Man,Petrucci JP15 Quilt CP,4.798,Lieferbar in mehreren Monaten
490,BC Rich,Shredzilla Extreme Exotic PH,1.498,Sofort lieferbar
491,BC Rich,Shredzilla Extreme Exo B-Stock,1.339,Sofort lieferbar
492,Schecter,Reaper-6 FR Satin Sky  B-Stock,879,Sofort lieferbar
493,Ibanez,JCRG2002-SLH J. Custom,6.999,Sofort lieferbar
494,Schecter,SLS Elite C-1 FR S BFB B-Stock,1.389,Sofort lieferbar
495,Schecter,Demon-6 Satin Black Bundle,666,In 6–8 Wochen lieferbar
496,Squier,CV 70s Strat LRL OW B-Stock,349,Sofort lieferbar
497,BC Rich,Shredzilla Extreme Exotic SM,1.649,Sofort lieferbar
498,Charvel,Pro-Mod DK24 HH 2PT CM B-Stock,789,Sofort lieferbar
499,Fender,LTD Player Strat HSS M B-Stock,685,Sofort lieferbar
500,Squier,Bullet Strat HSS Bundle,290,Sofort lieferbar
501,Harley Benton,CST-24 BK Bundle,367,In 5–7 Wochen lieferbar
502,Harley Benton,CST-24T Paradise Flame Bundle,446,In 5–7 Wochen lieferbar
503,Harley Benton,ST-20 BK Standard Serie Bundle,169,In 1–2 Wochen lieferbar
504,ESP,LTD H-1001 QM See Thru B-Stock,999,Sofort lieferbar
505,Ibanez,RG5120M-FCN B-Stock,1.659,Sofort lieferbar
506,Schecter,Hellraiser C-7 FR S BL B-Stock,1.199,Sofort lieferbar
507,Jackson,DK Mod Pro Dinky EverT B-Stock,1.365,Sofort lieferbar
508,Schecter,Hellraiser C-7 FR S BC B-Stock,1.299,Sofort lieferbar
509,Schecter,Demon-6 Satin Black Bundle,666,In 6–8 Wochen lieferbar
510,Music Man,Petrucci JP15 Quilt CP,4.798,Lieferbar in mehreren Monaten
511,BC Rich,Shredzilla Extreme Exotic PH,1.498,Sofort lieferbar
512,BC Rich,Shredzilla Extreme Exo B-Stock,1.339,Sofort lieferbar
513,Schecter,Reaper-6 FR Satin Sky  B-Stock,879,Sofort lieferbar
514,Ibanez,JCRG2002-SLH J. Custom,6.999,Sofort lieferbar
515,Schecter,SLS Elite C-1 FR S BFB B-Stock,1.389,Sofort lieferbar
516,Schecter,Demon-6 Satin Black Bundle,666,In 6–8 Wochen lieferbar
517,Squier,CV 70s Strat LRL OW B-Stock,349,Sofort lieferbar
518,BC Rich,Shredzilla Extreme Exotic SM,1.649,Sofort lieferbar
519,Charvel,Pro-Mod DK24 HH 2PT CM B-Stock,789,Sofort lieferbar
520,Fender,LTD Player Strat HSS M B-Stock,685,Sofort lieferbar
521,Squier,Bullet Strat HSS Bundle,290,Sofort lieferbar
522,Harley Benton,CST-24 BK Bundle,367,In 5–7 Wochen lieferbar
523,Harley Benton,CST-24T Paradise Flame Bundle,446,In 5–7 Wochen lieferbar
524,Harley Benton,ST-20 BK Standard Serie Bundle,169,In 1–2 Wochen lieferbar
525,ESP,LTD H-1001 QM See Thru B-Stock,999,Sofort lieferbar
526,Ibanez,RG5120M-FCN B-Stock,1.659,Sofort lieferbar
527,Schecter,Hellraiser C-7 FR S BL B-Stock,1.199,Sofort lieferbar
528,Jackson,DK Mod Pro Dinky EverT B-Stock,1.365,Sofort lieferbar
529,Schecter,Hellraiser C-7 FR S BC B-Stock,1.299,Sofort lieferbar
530,Schecter,Demon-6 Satin Black Bundle,666,In 6–8 Wochen lieferbar
531,Music Man,Petrucci JP15 Quilt CP,4.798,Lieferbar in mehreren Monaten
532,BC Rich,Shredzilla Extreme Exotic PH,1.498,Sofort lieferbar
533,BC Rich,Shredzilla Extreme Exo B-Stock,1.339,Sofort lieferbar
534,Schecter,Reaper-6 FR Satin Sky  B-Stock,879,Sofort lieferbar
535,Ibanez,JCRG2002-SLH J. Custom,6.999,Sofort lieferbar
536,Schecter,SLS Elite C-1 FR S BFB B-Stock,1.389,Sofort lieferbar
537,Schecter,Demon-6 Satin Black Bundle,666,In 6–8 Wochen lieferbar
538,Squier,CV 70s Strat LRL OW B-Stock,349,Sofort lieferbar
539,BC Rich,Shredzilla Extreme Exotic SM,1.649,Sofort lieferbar
540,Charvel,Pro-Mod DK24 HH 2PT CM B-Stock,789,Sofort lieferbar
541,Fender,LTD Player Strat HSS M B-Stock,685,Sofort lieferbar
542,Squier,Bullet Strat HSS Bundle,290,Sofort lieferbar
543,Harley Benton,CST-24 BK Bundle,367,In 5–7 Wochen lieferbar
544,Harley Benton,CST-24T Paradise Flame Bundle,446,In 5–7 Wochen lieferbar
545,Harley Benton,ST-20 BK Standard Serie Bundle,169,In 1–2 Wochen lieferbar
546,ESP,LTD H-1001 QM See Thru B-Stock,999,Sofort lieferbar
547,Ibanez,RG5120M-FCN B-Stock,1.659,Sofort lieferbar
548,Schecter,Hellraiser C-7 FR S BL B-Stock,1.199,Sofort lieferbar
549,Jackson,DK Mod Pro Dinky EverT B-Stock,1.365,Sofort lieferbar
550,Schecter,Hellraiser C-7 FR S BC B-Stock,1.299,Sofort lieferbar
551,Schecter,Demon-6 Satin Black Bundle,666,In 6–8 Wochen lieferbar
552,Music Man,Petrucci JP15 Quilt CP,4.798,Lieferbar in mehreren Monaten
553,BC Rich,Shredzilla Extreme Exotic PH,1.498,Sofort lieferbar
554,BC Rich,Shredzilla Extreme Exo B-Stock,1.339,Sofort lieferbar
555,Schecter,Reaper-6 FR Satin Sky  B-Stock,879,Sofort lieferbar
556,Ibanez,JCRG2002-SLH J. Custom,6.999,Sofort lieferbar
557,Schecter,SLS Elite C-1 FR S BFB B-Stock,1.389,Sofort lieferbar
558,Schecter,Demon-6 Satin Black Bundle,666,In 6–8 Wochen lieferbar
559,Squier,CV 70s Strat LRL OW B-Stock,349,Sofort lieferbar
560,BC Rich,Shredzilla Extreme Exotic SM,1.649,Sofort lieferbar
561,Charvel,Pro-Mod DK24 HH 2PT CM B-Stock,789,Sofort lieferbar
562,Fender,LTD Player Strat HSS M B-Stock,685,Sofort lieferbar
563,Squier,Bullet Strat HSS Bundle,290,Sofort lieferbar
564,Harley Benton,CST-24 BK Bundle,367,In 5–7 Wochen lieferbar
565,Harley Benton,CST-24T Paradise Flame Bundle,446,In 5–7 Wochen lieferbar
566,Harley Benton,ST-20 BK Standard Serie Bundle,169,In 1–2 Wochen lieferbar
567,ESP,LTD H-1001 QM See Thru B-Stock,999,Sofort lieferbar
568,Ibanez,RG5120M-FCN B-Stock,1.659,Sofort lieferbar
569,Schecter,Hellraiser C-7 FR S BL B-Stock,1.199,Sofort lieferbar
570,Jackson,DK Mod Pro Dinky EverT B-Stock,1.365,Sofort lieferbar
571,Schecter,Hellraiser C-7 FR S BC B-Stock,1.299,Sofort lieferbar
572,Schecter,Demon-6 Satin Black Bundle,666,In 6–8 Wochen lieferbar
573,Music Man,Petrucci JP15 Quilt CP,4.798,Lieferbar in mehreren Monaten
574,BC Rich,Shredzilla Extreme Exotic PH,1.498,Sofort lieferbar
575,BC Rich,Shredzilla Extreme Exo B-Stock,1.339,Sofort lieferbar
576,Schecter,Reaper-6 FR Satin Sky  B-Stock,879,Sofort lieferbar
577,Ibanez,JCRG2002-SLH J. Custom,6.999,Sofort lieferbar
578,Schecter,SLS Elite C-1 FR S BFB B-Stock,1.389,Sofort lieferbar
579,Schecter,Demon-6 Satin Black Bundle,666,In 6–8 Wochen lieferbar
580,Squier,CV 70s Strat LRL OW B-Stock,349,Sofort lieferbar
581,BC Rich,Shredzilla Extreme Exotic SM,1.649,Sofort lieferbar
582,Charvel,Pro-Mod DK24 HH 2PT CM B-Stock,789,Sofort lieferbar
583,Fender,LTD Player Strat HSS M B-Stock,685,Sofort lieferbar
584,Squier,Bullet Strat HSS Bundle,290,Sofort lieferbar
585,Harley Benton,CST-24 BK Bundle,367,In 5–7 Wochen lieferbar
586,Harley Benton,CST-24T Paradise Flame Bundle,446,In 5–7 Wochen lieferbar
587,Harley Benton,ST-20 BK Standard Serie Bundle,169,In 1–2 Wochen lieferbar
588,ESP,LTD H-1001 QM See Thru B-Stock,999,Sofort lieferbar
589,Ibanez,RG5120M-FCN B-Stock,1.659,Sofort lieferbar
590,Schecter,Hellraiser C-7 FR S BL B-Stock,1.199,Sofort lieferbar
591,Jackson,DK Mod Pro Dinky EverT B-Stock,1.365,Sofort lieferbar
592,Schecter,Hellraiser C-7 FR S BC B-Stock,1.299,Sofort lieferbar
593,Schecter,Demon-6 Satin Black Bundle,666,In 6–8 Wochen lieferbar
594,Music Man,Petrucci JP15 Quilt CP,4.798,Lieferbar in mehreren Monaten
595,BC Rich,Shredzilla Extreme Exotic PH,1.498,Sofort lieferbar
596,BC Rich,Shredzilla Extreme Exo B-Stock,1.339,Sofort lieferbar
597,Schecter,Reaper-6 FR Satin Sky  B-Stock,879,Sofort lieferbar
598,Ibanez,JCRG2002-SLH J. Custom,6.999,Sofort lieferbar
599,Schecter,SLS Elite C-1 FR S BFB B-Stock,1.389,Sofort lieferbar
600,Schecter,Demon-6 Satin Black Bundle,666,In 6–8 Wochen lieferbar
601,Squier,CV 70s Strat LRL OW B-Stock,349,Sofort lieferbar
602,BC Rich,Shredzilla Extreme Exotic SM,1.649,Sofort lieferbar
603,Charvel,Pro-Mod DK24 HH 2PT CM B-Stock,789,Sofort lieferbar
604,Fender,LTD Player Strat HSS M B-Stock,685,Sofort lieferbar
605,Squier,Bullet Strat HSS Bundle,290,Sofort lieferbar
606,Harley Benton,CST-24 BK Bundle,367,In 5–7 Wochen lieferbar
607,Harley Benton,CST-24T Paradise Flame Bundle,446,In 5–7 Wochen lieferbar
608,Harley Benton,ST-20 BK Standard Serie Bundle,169,In 1–2 Wochen lieferbar
609,ESP,LTD H-1001 QM See Thru B-Stock,999,Sofort lieferbar
610,Ibanez,RG5120M-FCN B-Stock,1.659,Sofort lieferbar
611,Schecter,Hellraiser C-7 FR S BL B-Stock,1.199,Sofort lieferbar
612,Jackson,DK Mod Pro Dinky EverT B-Stock,1.365,Sofort lieferbar
613,Schecter,Hellraiser C-7 FR S BC B-Stock,1.299,Sofort lieferbar
614,Schecter,Demon-6 Satin Black Bundle,666,In 6–8 Wochen lieferbar
615,Music Man,Petrucci JP15 Quilt CP,4.798,Lieferbar in mehreren Monaten
616,BC Rich,Shredzilla Extreme Exotic PH,1.498,Sofort lieferbar
617,BC Rich,Shredzilla Extreme Exo B-Stock,1.339,Sofort lieferbar
618,Schecter,Reaper-6 FR Satin Sky  B-Stock,879,Sofort lieferbar
619,Ibanez,JCRG2002-SLH J. Custom,6.999,Sofort lieferbar
620,Schecter,SLS Elite C-1 FR S BFB B-Stock,1.389,Sofort lieferbar
621,Schecter,Demon-6 Satin Black Bundle,666,In 6–8 Wochen lieferbar
622,Squier,CV 70s Strat LRL OW B-Stock,349,Sofort lieferbar
623,BC Rich,Shredzilla Extreme Exotic SM,1.649,Sofort lieferbar
624,Charvel,Pro-Mod DK24 HH 2PT CM B-Stock,789,Sofort lieferbar
625,Fender,LTD Player Strat HSS M B-Stock,685,Sofort lieferbar
626,Squier,Bullet Strat HSS Bundle,290,Sofort lieferbar
627,Harley Benton,CST-24 BK Bundle,367,In 5–7 Wochen lieferbar
628,Harley Benton,CST-24T Paradise Flame Bundle,446,In 5–7 Wochen lieferbar
629,Harley Benton,ST-20 BK Standard Serie Bundle,169,In 1–2 Wochen lieferbar
630,ESP,LTD H-1001 QM See Thru B-Stock,999,Sofort lieferbar
631,Ibanez,RG5120M-FCN B-Stock,1.659,Sofort lieferbar
632,Schecter,Hellraiser C-7 FR S BL B-Stock,1.199,Sofort lieferbar
633,Jackson,DK Mod Pro Dinky EverT B-Stock,1.365,Sofort lieferbar
634,Schecter,Hellraiser C-7 FR S BC B-Stock,1.299,Sofort lieferbar
635,Schecter,Demon-6 Satin Black Bundle,666,In 6–8 Wochen lieferbar
636,Music Man,Petrucci JP15 Quilt CP,4.798,Lieferbar in mehreren Monaten
637,BC Rich,Shredzilla Extreme Exotic PH,1.498,Sofort lieferbar
638,BC Rich,Shredzilla Extreme Exo B-Stock,1.339,Sofort lieferbar
639,Schecter,Reaper-6 FR Satin Sky  B-Stock,879,Sofort lieferbar
640,Ibanez,JCRG2002-SLH J. Custom,6.999,Sofort lieferbar
641,Schecter,SLS Elite C-1 FR S BFB B-Stock,1.389,Sofort lieferbar
642,Schecter,Demon-6 Satin Black Bundle,666,In 6–8 Wochen lieferbar
643,Squier,CV 70s Strat LRL OW B-Stock,349,Sofort lieferbar
644,BC Rich,Shredzilla Extreme Exotic SM,1.649,Sofort lieferbar
645,Charvel,Pro-Mod DK24 HH 2PT CM B-Stock,789,Sofort lieferbar
646,Fender,LTD Player Strat HSS M B-Stock,685,Sofort lieferbar
647,Squier,Bullet Strat HSS Bundle,290,Sofort lieferbar
648,Harley Benton,CST-24 BK Bundle,367,In 5–7 Wochen lieferbar
649,Harley Benton,CST-24T Paradise Flame Bundle,446,In 5–7 Wochen lieferbar
650,Harley Benton,ST-20 BK Standard Serie Bundle,169,In 1–2 Wochen lieferbar
651,ESP,LTD H-1001 QM See Thru B-Stock,999,Sofort lieferbar
652,Ibanez,RG5120M-FCN B-Stock,1.659,Sofort lieferbar
653,Schecter,Hellraiser C-7 FR S BL B-Stock,1.199,Sofort lieferbar
654,Jackson,DK Mod Pro Dinky EverT B-Stock,1.365,Sofort lieferbar
655,Schecter,Hellraiser C-7 FR S BC B-Stock,1.299,Sofort lieferbar
656,Schecter,Demon-6 Satin Black Bundle,666,In 6–8 Wochen lieferbar
657,Music Man,Petrucci JP15 Quilt CP,4.798,Lieferbar in mehreren Monaten
658,BC Rich,Shredzilla Extreme Exotic PH,1.498,Sofort lieferbar
659,BC Rich,Shredzilla Extreme Exo B-Stock,1.339,Sofort lieferbar
660,Schecter,Reaper-6 FR Satin Sky  B-Stock,879,Sofort lieferbar
661,Ibanez,JCRG2002-SLH J. Custom,6.999,Sofort lieferbar
662,Schecter,SLS Elite C-1 FR S BFB B-Stock,1.389,Sofort lieferbar
663,Schecter,Demon-6 Satin Black Bundle,666,In 6–8 Wochen lieferbar
664,Squier,CV 70s Strat LRL OW B-Stock,349,Sofort lieferbar
665,BC Rich,Shredzilla Extreme Exotic SM,1.649,Sofort lieferbar
666,Charvel,Pro-Mod DK24 HH 2PT CM B-Stock,789,Sofort lieferbar
667,Fender,LTD Player Strat HSS M B-Stock,685,Sofort lieferbar
668,Squier,Bullet Strat HSS Bundle,290,Sofort lieferbar
669,Harley Benton,CST-24 BK Bundle,367,In 5–7 Wochen lieferbar
670,Harley Benton,CST-24T Paradise Flame Bundle,446,In 5–7 Wochen lieferbar
671,Harley Benton,ST-20 BK Standard Serie Bundle,169,In 1–2 Wochen lieferbar
672,ESP,LTD H-1001 QM See Thru B-Stock,999,Sofort lieferbar
673,Ibanez,RG5120M-FCN B-Stock,1.659,Sofort lieferbar
674,Schecter,Hellraiser C-7 FR S BL B-Stock,1.199,Sofort lieferbar
675,Jackson,DK Mod Pro Dinky EverT B-Stock,1.365,Sofort lieferbar
676,Schecter,Hellraiser C-7 FR S BC B-Stock,1.299,Sofort lieferbar
677,Schecter,Demon-6 Satin Black Bundle,666,In 6–8 Wochen lieferbar
678,Music Man,Petrucci JP15 Quilt CP,4.798,Lieferbar in mehreren Monaten
679,BC Rich,Shredzilla Extreme Exotic PH,1.498,Sofort lieferbar
680,BC Rich,Shredzilla Extreme Exo B-Stock,1.339,Sofort lieferbar
681,Schecter,Reaper-6 FR Satin Sky  B-Stock,879,Sofort lieferbar
682,Ibanez,JCRG2002-SLH J. Custom,6.999,Sofort lieferbar
683,Schecter,SLS Elite C-1 FR S BFB B-Stock,1.389,Sofort lieferbar
684,Schecter,Demon-6 Satin Black Bundle,666,In 6–8 Wochen lieferbar
685,Squier,CV 70s Strat LRL OW B-Stock,349,Sofort lieferbar
686,BC Rich,Shredzilla Extreme Exotic SM,1.649,Sofort lieferbar
687,Charvel,Pro-Mod DK24 HH 2PT CM B-Stock,789,Sofort lieferbar
688,Fender,LTD Player Strat HSS M B-Stock,685,Sofort lieferbar
689,Squier,Bullet Strat HSS Bundle,290,Sofort lieferbar
690,Harley Benton,CST-24 BK Bundle,367,In 5–7 Wochen lieferbar
691,Harley Benton,CST-24T Paradise Flame Bundle,446,In 5–7 Wochen lieferbar
692,Harley Benton,ST-20 BK Standard Serie Bundle,169,In 1–2 Wochen lieferbar
693,ESP,LTD H-1001 QM See Thru B-Stock,999,Sofort lieferbar
694,Ibanez,RG5120M-FCN B-Stock,1.659,Sofort lieferbar
695,Schecter,Hellraiser C-7 FR S BL B-Stock,1.199,Sofort lieferbar
696,Jackson,DK Mod Pro Dinky EverT B-Stock,1.365,Sofort lieferbar
697,Schecter,Hellraiser C-7 FR S BC B-Stock,1.299,Sofort lieferbar
698,Schecter,Demon-6 Satin Black Bundle,666,In 6–8 Wochen lieferbar
699,Music Man,Petrucci JP15 Quilt CP,4.798,Lieferbar in mehreren Monaten
700,BC Rich,Shredzilla Extreme Exotic PH,1.498,Sofort lieferbar
701,BC Rich,Shredzilla Extreme Exo B-Stock,1.339,Sofort lieferbar
702,Schecter,Reaper-6 FR Satin Sky  B-Stock,879,Sofort lieferbar
703,Ibanez,JCRG2002-SLH J. Custom,6.999,Sofort lieferbar
704,Schecter,SLS Elite C-1 FR S BFB B-Stock,1.389,Sofort lieferbar
705,Schecter,Demon-6 Satin Black Bundle,666,In 6–8 Wochen lieferbar
706,Squier,CV 70s Strat LRL OW B-Stock,349,Sofort lieferbar
707,BC Rich,Shredzilla Extreme Exotic SM,1.649,Sofort lieferbar
708,Charvel,Pro-Mod DK24 HH 2PT CM B-Stock,789,Sofort lieferbar
709,Fender,LTD Player Strat HSS M B-Stock,685,Sofort lieferbar
710,Squier,Bullet Strat HSS Bundle,290,Sofort lieferbar
711,Harley Benton,CST-24 BK Bundle,367,In 5–7 Wochen lieferbar
712,Harley Benton,CST-24T Paradise Flame Bundle,446,In 5–7 Wochen lieferbar
713,Harley Benton,ST-20 BK Standard Serie Bundle,169,In 1–2 Wochen lieferbar
714,ESP,LTD H-1001 QM See Thru B-Stock,999,Sofort lieferbar
715,Ibanez,RG5120M-FCN B-Stock,1.659,Sofort lieferbar
716,Schecter,Hellraiser C-7 FR S BL B-Stock,1.199,Sofort lieferbar
717,Jackson,DK Mod Pro Dinky EverT B-Stock,1.365,Sofort lieferbar
718,Schecter,Hellraiser C-7 FR S BC B-Stock,1.299,Sofort lieferbar
719,Schecter,Demon-6 Satin Black Bundle,666,In 6–8 Wochen lieferbar
720,Music Man,Petrucci JP15 Quilt CP,4.798,Lieferbar in mehreren Monaten
721,BC Rich,Shredzilla Extreme Exotic PH,1.498,Sofort lieferbar
722,BC Rich,Shredzilla Extreme Exo B-Stock,1.339,Sofort lieferbar
723,Schecter,Reaper-6 FR Satin Sky  B-Stock,879,Sofort lieferbar
724,Ibanez,JCRG2002-SLH J. Custom,6.999,Sofort lieferbar
725,Schecter,SLS Elite C-1 FR S BFB B-Stock,1.389,Sofort lieferbar
726,Schecter,Demon-6 Satin Black Bundle,666,In 6–8 Wochen lieferbar
727,Squier,CV 70s Strat LRL OW B-Stock,349,Sofort lieferbar
728,BC Rich,Shredzilla Extreme Exotic SM,1.649,Sofort lieferbar
729,Charvel,Pro-Mod DK24 HH 2PT CM B-Stock,789,Sofort lieferbar
730,Fender,LTD Player Strat HSS M B-Stock,685,Sofort lieferbar
731,Squier,Bullet Strat HSS Bundle,290,Sofort lieferbar
732,Harley Benton,CST-24 BK Bundle,367,In 5–7 Wochen lieferbar
733,Harley Benton,CST-24T Paradise Flame Bundle,446,In 5–7 Wochen lieferbar
734,Harley Benton,ST-20 BK Standard Serie Bundle,169,In 1–2 Wochen lieferbar
735,ESP,LTD H-1001 QM See Thru B-Stock,999,Sofort lieferbar
736,Ibanez,RG5120M-FCN B-Stock,1.659,Sofort lieferbar
737,Schecter,Hellraiser C-7 FR S BL B-Stock,1.199,Sofort lieferbar
738,Jackson,DK Mod Pro Dinky EverT B-Stock,1.365,Sofort lieferbar
739,Schecter,Hellraiser C-7 FR S BC B-Stock,1.299,Sofort lieferbar
740,Schecter,Demon-6 Satin Black Bundle,666,In 6–8 Wochen lieferbar
741,Music Man,Petrucci JP15 Quilt CP,4.798,Lieferbar in mehreren Monaten
742,BC Rich,Shredzilla Extreme Exotic PH,1.498,Sofort lieferbar
743,BC Rich,Shredzilla Extreme Exo B-Stock,1.339,Sofort lieferbar
744,Schecter,Reaper-6 FR Satin Sky  B-Stock,879,Sofort lieferbar
745,Ibanez,JCRG2002-SLH J. Custom,6.999,Sofort lieferbar
746,Schecter,SLS Elite C-1 FR S BFB B-Stock,1.389,Sofort lieferbar
747,Schecter,Demon-6 Satin Black Bundle,666,In 6–8 Wochen lieferbar
748,Squier,CV 70s Strat LRL OW B-Stock,349,Sofort lieferbar
749,BC Rich,Shredzilla Extreme Exotic SM,1.649,Sofort lieferbar
750,Charvel,Pro-Mod DK24 HH 2PT CM B-Stock,789,Sofort lieferbar
751,Fender,LTD Player Strat HSS M B-Stock,685,Sofort lieferbar
752,Squier,Bullet Strat HSS Bundle,290,Sofort lieferbar
753,Harley Benton,CST-24 BK Bundle,367,In 5–7 Wochen lieferbar
754,Harley Benton,CST-24T Paradise Flame Bundle,446,In 5–7 Wochen lieferbar
755,Harley Benton,ST-20 BK Standard Serie Bundle,169,In 1–2 Wochen lieferbar
756,ESP,LTD H-1001 QM See Thru B-Stock,999,Sofort lieferbar
757,Ibanez,RG5120M-FCN B-Stock,1.659,Sofort lieferbar
758,Schecter,Hellraiser C-7 FR S BL B-Stock,1.199,Sofort lieferbar
759,Jackson,DK Mod Pro Dinky EverT B-Stock,1.365,Sofort lieferbar
760,Schecter,Hellraiser C-7 FR S BC B-Stock,1.299,Sofort lieferbar
761,Schecter,Demon-6 Satin Black Bundle,666,In 6–8 Wochen lieferbar
762,Music Man,Petrucci JP15 Quilt CP,4.798,Lieferbar in mehreren Monaten
763,BC Rich,Shredzilla Extreme Exotic PH,1.498,Sofort lieferbar
764,BC Rich,Shredzilla Extreme Exo B-Stock,1.339,Sofort lieferbar
765,Schecter,Reaper-6 FR Satin Sky  B-Stock,879,Sofort lieferbar
766,Ibanez,JCRG2002-SLH J. Custom,6.999,Sofort lieferbar
767,Schecter,SLS Elite C-1 FR S BFB B-Stock,1.389,Sofort lieferbar
768,Schecter,Demon-6 Satin Black Bundle,666,In 6–8 Wochen lieferbar
769,Squier,CV 70s Strat LRL OW B-Stock,349,Sofort lieferbar
770,BC Rich,Shredzilla Extreme Exotic SM,1.649,Sofort lieferbar
771,Charvel,Pro-Mod DK24 HH 2PT CM B-Stock,789,Sofort lieferbar
772,Fender,LTD Player Strat HSS M B-Stock,685,Sofort lieferbar
773,Squier,Bullet Strat HSS Bundle,290,Sofort lieferbar
774,Harley Benton,CST-24 BK Bundle,367,In 5–7 Wochen lieferbar
775,Harley Benton,CST-24T Paradise Flame Bundle,446,In 5–7 Wochen lieferbar
776,Harley Benton,ST-20 BK Standard Serie Bundle,169,In 1–2 Wochen lieferbar
777,ESP,LTD H-1001 QM See Thru B-Stock,999,Sofort lieferbar
778,Ibanez,RG5120M-FCN B-Stock,1.659,Sofort lieferbar
779,Schecter,Hellraiser C-7 FR S BL B-Stock,1.199,Sofort lieferbar
780,Jackson,DK Mod Pro Dinky EverT B-Stock,1.365,Sofort lieferbar
781,Schecter,Hellraiser C-7 FR S BC B-Stock,1.299,Sofort lieferbar
782,Schecter,Demon-6 Satin Black Bundle,666,In 6–8 Wochen lieferbar
783,Music Man,Petrucci JP15 Quilt CP,4.798,Lieferbar in mehreren Monaten
784,BC Rich,Shredzilla Extreme Exotic PH,1.498,Sofort lieferbar
785,BC Rich,Shredzilla Extreme Exo B-Stock,1.339,Sofort lieferbar
786,Schecter,Reaper-6 FR Satin Sky  B-Stock,879,Sofort lieferbar
787,Ibanez,JCRG2002-SLH J. Custom,6.999,Sofort lieferbar
788,Schecter,SLS Elite C-1 FR S BFB B-Stock,1.389,Sofort lieferbar
789,Schecter,Demon-6 Satin Black Bundle,666,In 6–8 Wochen lieferbar
790,Squier,CV 70s Strat LRL OW B-Stock,349,Sofort lieferbar
791,BC Rich,Shredzilla Extreme Exotic SM,1.649,Sofort lieferbar
792,Charvel,Pro-Mod DK24 HH 2PT CM B-Stock,789,Sofort lieferbar
793,Fender,LTD Player Strat HSS M B-Stock,685,Sofort lieferbar
794,Squier,Bullet Strat HSS Bundle,290,Sofort lieferbar
795,Harley Benton,CST-24 BK Bundle,367,In 5–7 Wochen lieferbar
796,Harley Benton,CST-24T Paradise Flame Bundle,446,In 5–7 Wochen lieferbar
797,Harley Benton,ST-20 BK Standard Serie Bundle,169,In 1–2 Wochen lieferbar
798,ESP,LTD H-1001 QM See Thru B-Stock,999,Sofort lieferbar
799,Ibanez,RG5120M-FCN B-Stock,1.659,Sofort lieferbar
800,Schecter,Hellraiser C-7 FR S BL B-Stock,1.199,Sofort lieferbar
801,Jackson,DK Mod Pro Dinky EverT B-Stock,1.365,Sofort lieferbar
802,Schecter,Hellraiser C-7 FR S BC B-Stock,1.299,Sofort lieferbar
803,Schecter,Demon-6 Satin Black Bundle,666,In 6–8 Wochen lieferbar
804,Music Man,Petrucci JP15 Quilt CP,4.798,Lieferbar in mehreren Monaten
805,BC Rich,Shredzilla Extreme Exotic PH,1.498,Sofort lieferbar
806,BC Rich,Shredzilla Extreme Exo B-Stock,1.339,Sofort lieferbar
807,Schecter,Reaper-6 FR Satin Sky  B-Stock,879,Sofort lieferbar
808,Ibanez,JCRG2002-SLH J. Custom,6.999,Sofort lieferbar
809,Schecter,SLS Elite C-1 FR S BFB B-Stock,1.389,Sofort lieferbar
810,Schecter,Demon-6 Satin Black Bundle,666,In 6–8 Wochen lieferbar
811,Squier,CV 70s Strat LRL OW B-Stock,349,Sofort lieferbar
812,BC Rich,Shredzilla Extreme Exotic SM,1.649,Sofort lieferbar
813,Charvel,Pro-Mod DK24 HH 2PT CM B-Stock,789,Sofort lieferbar
814,Fender,LTD Player Strat HSS M B-Stock,685,Sofort lieferbar
815,Squier,Bullet Strat HSS Bundle,290,Sofort lieferbar
816,Harley Benton,CST-24 BK Bundle,367,In 5–7 Wochen lieferbar
817,Harley Benton,CST-24T Paradise Flame Bundle,446,In 5–7 Wochen lieferbar
818,Harley Benton,ST-20 BK Standard Serie Bundle,169,In 1–2 Wochen lieferbar
819,ESP,LTD H-1001 QM See Thru B-Stock,999,Sofort lieferbar
820,Ibanez,RG5120M-FCN B-Stock,1.659,Sofort lieferbar
821,Schecter,Hellraiser C-7 FR S BL B-Stock,1.199,Sofort lieferbar
822,Jackson,DK Mod Pro Dinky EverT B-Stock,1.365,Sofort lieferbar
823,Schecter,Hellraiser C-7 FR S BC B-Stock,1.299,Sofort lieferbar
824,Schecter,Demon-6 Satin Black Bundle,666,In 6–8 Wochen lieferbar
825,Music Man,Petrucci JP15 Quilt CP,4.798,Lieferbar in mehreren Monaten
826,BC Rich,Shredzilla Extreme Exotic PH,1.498,Sofort lieferbar
827,BC Rich,Shredzilla Extreme Exo B-Stock,1.339,Sofort lieferbar
828,Schecter,Reaper-6 FR Satin Sky  B-Stock,879,Sofort lieferbar
829,Ibanez,JCRG2002-SLH J. Custom,6.999,Sofort lieferbar
830,Schecter,SLS Elite C-1 FR S BFB B-Stock,1.389,Sofort lieferbar
831,Schecter,Demon-6 Satin Black Bundle,666,In 6–8 Wochen lieferbar
832,Squier,CV 70s Strat LRL OW B-Stock,349,Sofort lieferbar
833,BC Rich,Shredzilla Extreme Exotic SM,1.649,Sofort lieferbar
834,Charvel,Pro-Mod DK24 HH 2PT CM B-Stock,789,Sofort lieferbar
835,Fender,LTD Player Strat HSS M B-Stock,685,Sofort lieferbar
836,Squier,Bullet Strat HSS Bundle,290,Sofort lieferbar
837,Harley Benton,CST-24 BK Bundle,367,In 5–7 Wochen lieferbar
838,Harley Benton,CST-24T Paradise Flame Bundle,446,In 5–7 Wochen lieferbar
839,Harley Benton,ST-20 BK Standard Serie Bundle,169,In 1–2 Wochen lieferbar
840,ESP,LTD H-1001 QM See Thru B-Stock,999,Sofort lieferbar
841,Ibanez,RG5120M-FCN B-Stock,1.659,Sofort lieferbar
842,Schecter,Hellraiser C-7 FR S BL B-Stock,1.199,Sofort lieferbar
843,Jackson,DK Mod Pro Dinky EverT B-Stock,1.365,Sofort lieferbar
844,Schecter,Hellraiser C-7 FR S BC B-Stock,1.299,Sofort lieferbar
845,Schecter,Demon-6 Satin Black Bundle,666,In 6–8 Wochen lieferbar
846,Music Man,Petrucci JP15 Quilt CP,4.798,Lieferbar in mehreren Monaten
847,BC Rich,Shredzilla Extreme Exotic PH,1.498,Sofort lieferbar
848,BC Rich,Shredzilla Extreme Exo B-Stock,1.339,Sofort lieferbar
849,Schecter,Reaper-6 FR Satin Sky  B-Stock,879,Sofort lieferbar
850,Ibanez,JCRG2002-SLH J. Custom,6.999,Sofort lieferbar
851,Schecter,SLS Elite C-1 FR S BFB B-Stock,1.389,Sofort lieferbar
852,Schecter,Demon-6 Satin Black Bundle,666,In 6–8 Wochen lieferbar
853,Squier,CV 70s Strat LRL OW B-Stock,349,Sofort lieferbar
854,BC Rich,Shredzilla Extreme Exotic SM,1.649,Sofort lieferbar
855,Charvel,Pro-Mod DK24 HH 2PT CM B-Stock,789,Sofort lieferbar
856,Fender,LTD Player Strat HSS M B-Stock,685,Sofort lieferbar
857,Squier,Bullet Strat HSS Bundle,290,Sofort lieferbar
858,Harley Benton,CST-24 BK Bundle,367,In 5–7 Wochen lieferbar
859,Harley Benton,CST-24T Paradise Flame Bundle,446,In 5–7 Wochen lieferbar
860,Harley Benton,ST-20 BK Standard Serie Bundle,169,In 1–2 Wochen lieferbar
861,ESP,LTD H-1001 QM See Thru B-Stock,999,Sofort lieferbar
862,Ibanez,RG5120M-FCN B-Stock,1.659,Sofort lieferbar
863,Schecter,Hellraiser C-7 FR S BL B-Stock,1.199,Sofort lieferbar
864,Jackson,DK Mod Pro Dinky EverT B-Stock,1.365,Sofort lieferbar
865,Schecter,Hellraiser C-7 FR S BC B-Stock,1.299,Sofort lieferbar
866,Schecter,Demon-6 Satin Black Bundle,666,In 6–8 Wochen lieferbar
867,Music Man,Petrucci JP15 Quilt CP,4.798,Lieferbar in mehreren Monaten
868,BC Rich,Shredzilla Extreme Exotic PH,1.498,Sofort lieferbar
869,BC Rich,Shredzilla Extreme Exo B-Stock,1.339,Sofort lieferbar
870,Schecter,Reaper-6 FR Satin Sky  B-Stock,879,Sofort lieferbar
871,Ibanez,JCRG2002-SLH J. Custom,6.999,Sofort lieferbar
872,Schecter,SLS Elite C-1 FR S BFB B-Stock,1.389,Sofort lieferbar
873,Schecter,Demon-6 Satin Black Bundle,666,In 6–8 Wochen lieferbar
874,Squier,CV 70s Strat LRL OW B-Stock,349,Sofort lieferbar
875,BC Rich,Shredzilla Extreme Exotic SM,1.649,Sofort lieferbar
876,Charvel,Pro-Mod DK24 HH 2PT CM B-Stock,789,Sofort lieferbar
877,Fender,LTD Player Strat HSS M B-Stock,685,Sofort lieferbar
878,Squier,Bullet Strat HSS Bundle,290,Sofort lieferbar
879,Harley Benton,CST-24 BK Bundle,367,In 5–7 Wochen lieferbar
880,Harley Benton,CST-24T Paradise Flame Bundle,446,In 5–7 Wochen lieferbar
881,Harley Benton,ST-20 BK Standard Serie Bundle,169,In 1–2 Wochen lieferbar
882,ESP,LTD H-1001 QM See Thru B-Stock,999,Sofort lieferbar
883,Ibanez,RG5120M-FCN B-Stock,1.659,Sofort lieferbar
884,Schecter,Hellraiser C-7 FR S BL B-Stock,1.199,Sofort lieferbar
885,Jackson,DK Mod Pro Dinky EverT B-Stock,1.365,Sofort lieferbar
886,Schecter,Hellraiser C-7 FR S BC B-Stock,1.299,Sofort lieferbar
887,Schecter,Demon-6 Satin Black Bundle,666,In 6–8 Wochen lieferbar
888,Music Man,Petrucci JP15 Quilt CP,4.798,Lieferbar in mehreren Monaten
889,BC Rich,Shredzilla Extreme Exotic PH,1.498,Sofort lieferbar
890,BC Rich,Shredzilla Extreme Exo B-Stock,1.339,Sofort lieferbar
891,Schecter,Reaper-6 FR Satin Sky  B-Stock,879,Sofort lieferbar
892,Ibanez,JCRG2002-SLH J. Custom,6.999,Sofort lieferbar
893,Schecter,SLS Elite C-1 FR S BFB B-Stock,1.389,Sofort lieferbar
894,Schecter,Demon-6 Satin Black Bundle,666,In 6–8 Wochen lieferbar
895,Squier,CV 70s Strat LRL OW B-Stock,349,Sofort lieferbar
896,BC Rich,Shredzilla Extreme Exotic SM,1.649,Sofort lieferbar
897,Charvel,Pro-Mod DK24 HH 2PT CM B-Stock,789,Sofort lieferbar
898,Fender,LTD Player Strat HSS M B-Stock,685,Sofort lieferbar
899,Squier,Bullet Strat HSS Bundle,290,Sofort lieferbar
900,Harley Benton,CST-24 BK Bundle,367,In 5–7 Wochen lieferbar
901,Harley Benton,CST-24T Paradise Flame Bundle,446,In 5–7 Wochen lieferbar
902,Harley Benton,ST-20 BK Standard Serie Bundle,169,In 1–2 Wochen lieferbar
903,ESP,LTD H-1001 QM See Thru B-Stock,999,Sofort lieferbar
904,Ibanez,RG5120M-FCN B-Stock,1.659,Sofort lieferbar
905,Schecter,Hellraiser C-7 FR S BL B-Stock,1.199,Sofort lieferbar
906,Jackson,DK Mod Pro Dinky EverT B-Stock,1.365,Sofort lieferbar
907,Schecter,Hellraiser C-7 FR S BC B-Stock,1.299,Sofort lieferbar
908,Schecter,Demon-6 Satin Black Bundle,666,In 6–8 Wochen lieferbar
909,Music Man,Petrucci JP15 Quilt CP,4.798,Lieferbar in mehreren Monaten
910,BC Rich,Shredzilla Extreme Exotic PH,1.498,Sofort lieferbar
911,BC Rich,Shredzilla Extreme Exo B-Stock,1.339,Sofort lieferbar
912,Schecter,Reaper-6 FR Satin Sky  B-Stock,879,Sofort lieferbar
913,Ibanez,JCRG2002-SLH J. Custom,6.999,Sofort lieferbar
914,Schecter,SLS Elite C-1 FR S BFB B-Stock,1.389,Sofort lieferbar
915,Schecter,Demon-6 Satin Black Bundle,666,In 6–8 Wochen lieferbar
916,Squier,CV 70s Strat LRL OW B-Stock,349,Sofort lieferbar
917,BC Rich,Shredzilla Extreme Exotic SM,1.649,Sofort lieferbar
918,Charvel,Pro-Mod DK24 HH 2PT CM B-Stock,789,Sofort lieferbar
919,Fender,LTD Player Strat HSS M B-Stock,685,Sofort lieferbar
920,Squier,Bullet Strat HSS Bundle,290,Sofort lieferbar
921,Harley Benton,CST-24 BK Bundle,367,In 5–7 Wochen lieferbar
922,Harley Benton,CST-24T Paradise Flame Bundle,446,In 5–7 Wochen lieferbar
923,Harley Benton,ST-20 BK Standard Serie Bundle,169,In 1–2 Wochen lieferbar
924,ESP,LTD H-1001 QM See Thru B-Stock,999,Sofort lieferbar
925,Ibanez,RG5120M-FCN B-Stock,1.659,Sofort lieferbar
926,Schecter,Hellraiser C-7 FR S BL B-Stock,1.199,Sofort lieferbar
927,Jackson,DK Mod Pro Dinky EverT B-Stock,1.365,Sofort lieferbar
928,Schecter,Hellraiser C-7 FR S BC B-Stock,1.299,Sofort lieferbar
929,Schecter,Demon-6 Satin Black Bundle,666,In 6–8 Wochen lieferbar
930,Music Man,Petrucci JP15 Quilt CP,4.798,Lieferbar in mehreren Monaten
931,BC Rich,Shredzilla Extreme Exotic PH,1.498,Sofort lieferbar
932,BC Rich,Shredzilla Extreme Exo B-Stock,1.339,Sofort lieferbar
933,Schecter,Reaper-6 FR Satin Sky  B-Stock,879,Sofort lieferbar
934,Ibanez,JCRG2002-SLH J. Custom,6.999,Sofort lieferbar
935,Schecter,SLS Elite C-1 FR S BFB B-Stock,1.389,Sofort lieferbar
936,Schecter,Demon-6 Satin Black Bundle,666,In 6–8 Wochen lieferbar
937,Squier,CV 70s Strat LRL OW B-Stock,349,Sofort lieferbar
938,BC Rich,Shredzilla Extreme Exotic SM,1.649,Sofort lieferbar
939,Charvel,Pro-Mod DK24 HH 2PT CM B-Stock,789,Sofort lieferbar
940,Fender,LTD Player Strat HSS M B-Stock,685,Sofort lieferbar
941,Squier,Bullet Strat HSS Bundle,290,Sofort lieferbar
942,Harley Benton,CST-24 BK Bundle,367,In 5–7 Wochen lieferbar
943,Harley Benton,CST-24T Paradise Flame Bundle,446,In 5–7 Wochen lieferbar
944,Harley Benton,ST-20 BK Standard Serie Bundle,169,In 1–2 Wochen lieferbar
945,ESP,LTD H-1001 QM See Thru B-Stock,999,Sofort lieferbar
946,Ibanez,RG5120M-FCN B-Stock,1.659,Sofort lieferbar
947,Schecter,Hellraiser C-7 FR S BL B-Stock,1.199,Sofort lieferbar
948,Jackson,DK Mod Pro Dinky EverT B-Stock,1.365,Sofort lieferbar
949,Schecter,Hellraiser C-7 FR S BC B-Stock,1.299,Sofort lieferbar
950,Schecter,Demon-6 Satin Black Bundle,666,In 6–8 Wochen lieferbar
951,Music Man,Petrucci JP15 Quilt CP,4.798,Lieferbar in mehreren Monaten
952,BC Rich,Shredzilla Extreme Exotic PH,1.498,Sofort lieferbar
953,BC Rich,Shredzilla Extreme Exo B-Stock,1.339,Sofort lieferbar
954,Schecter,Reaper-6 FR Satin Sky  B-Stock,879,Sofort lieferbar
955,Ibanez,JCRG2002-SLH J. Custom,6.999,Sofort lieferbar
956,Schecter,SLS Elite C-1 FR S BFB B-Stock,1.389,Sofort lieferbar
957,Schecter,Demon-6 Satin Black Bundle,666,In 6–8 Wochen lieferbar
958,Squier,CV 70s Strat LRL OW B-Stock,349,Sofort lieferbar
959,BC Rich,Shredzilla Extreme Exotic SM,1.649,Sofort lieferbar
960,Charvel,Pro-Mod DK24 HH 2PT CM B-Stock,789,Sofort lieferbar
961,Fender,LTD Player Strat HSS M B-Stock,685,Sofort lieferbar
962,Squier,Bullet Strat HSS Bundle,290,Sofort lieferbar
963,Harley Benton,CST-24 BK Bundle,367,In 5–7 Wochen lieferbar
964,Harley Benton,CST-24T Paradise Flame Bundle,446,In 5–7 Wochen lieferbar
965,Harley Benton,ST-20 BK Standard Serie Bundle,169,In 1–2 Wochen lieferbar
966,ESP,LTD H-1001 QM See Thru B-Stock,999,Sofort lieferbar
967,Ibanez,RG5120M-FCN B-Stock,1.659,Sofort lieferbar
968,Schecter,Hellraiser C-7 FR S BL B-Stock,1.199,Sofort lieferbar
969,Jackson,DK Mod Pro Dinky EverT B-Stock,1.365,Sofort lieferbar
970,Schecter,Hellraiser C-7 FR S BC B-Stock,1.299,Sofort lieferbar
971,Schecter,Demon-6 Satin Black Bundle,666,In 6–8 Wochen lieferbar
972,Music Man,Petrucci JP15 Quilt CP,4.798,Lieferbar in mehreren Monaten
973,BC Rich,Shredzilla Extreme Exotic PH,1.498,Sofort lieferbar
974,BC Rich,Shredzilla Extreme Exo B-Stock,1.339,Sofort lieferbar
975,Schecter,Reaper-6 FR Satin Sky  B-Stock,879,Sofort lieferbar
976,Ibanez,JCRG2002-SLH J. Custom,6.999,Sofort lieferbar
977,Schecter,SLS Elite C-1 FR S BFB B-Stock,1.389,Sofort lieferbar
978,Schecter,Demon-6 Satin Black Bundle,666,In 6–8 Wochen lieferbar
979,Squier,CV 70s Strat LRL OW B-Stock,349,Sofort lieferbar
980,BC Rich,Shredzilla Extreme Exotic SM,1.649,Sofort lieferbar
981,Charvel,Pro-Mod DK24 HH 2PT CM B-Stock,789,Sofort lieferbar
982,Fender,LTD Player Strat HSS M B-Stock,685,Sofort lieferbar
983,Squier,Bullet Strat HSS Bundle,290,Sofort lieferbar
984,Harley Benton,CST-24 BK Bundle,367,In 5–7 Wochen lieferbar
985,Harley Benton,CST-24T Paradise Flame Bundle,446,In 5–7 Wochen lieferbar
986,Harley Benton,ST-20 BK Standard Serie Bundle,169,In 1–2 Wochen lieferbar
987,ESP,LTD H-1001 QM See Thru B-Stock,999,Sofort lieferbar
988,Ibanez,RG5120M-FCN B-Stock,1.659,Sofort lieferbar
989,Schecter,Hellraiser C-7 FR S BL B-Stock,1.199,Sofort lieferbar
990,Jackson,DK Mod Pro Dinky EverT B-Stock,1.365,Sofort lieferbar
991,Schecter,Hellraiser C-7 FR S BC B-Stock,1.299,Sofort lieferbar
992,Schecter,Demon-6 Satin Black Bundle,666,In 6–8 Wochen lieferbar
993,Music Man,Petrucci JP15 Quilt CP,4.798,Lieferbar in mehreren Monaten
994,BC Rich,Shredzilla Extreme Exotic PH,1.498,Sofort lieferbar
995,BC Rich,Shredzilla Extreme Exo B-Stock,1.339,Sofort lieferbar
996,Schecter,Reaper-6 FR Satin Sky  B-Stock,879,Sofort lieferbar
997,Ibanez,JCRG2002-SLH J. Custom,6.999,Sofort lieferbar
998,Schecter,SLS Elite C-1 FR S BFB B-Stock,1.389,Sofort lieferbar
999,Schecter,Demon-6 Satin Black Bundle,666,In 6–8 Wochen lieferbar
1000,Squier,CV 70s Strat LRL OW B-Stock,349,Sofort lieferbar
1001,BC Rich,Shredzilla Extreme Exotic SM,1.649,Sofort lieferbar
1002,Charvel,Pro-Mod DK24 HH 2PT CM B-Stock,789,Sofort lieferbar
1003,Fender,LTD Player Strat HSS M B-Stock,685,Sofort lieferbar
1004,Squier,Bullet Strat HSS Bundle,290,Sofort lieferbar
1005,Harley Benton,CST-24 BK Bundle,367,In 5–7 Wochen lieferbar
1006,Harley Benton,CST-24T Paradise Flame Bundle,446,In 5–7 Wochen lieferbar
1007,Harley Benton,ST-20 BK Standard Serie Bundle,169,In 1–2 Wochen lieferbar
1008,ESP,LTD H-1001 QM See Thru B-Stock,999,Sofort lieferbar
1009,Ibanez,RG5120M-FCN B-Stock,1.659,Sofort lieferbar
1010,Schecter,Hellraiser C-7 FR S BL B-Stock,1.199,Sofort lieferbar
1011,Jackson,DK Mod Pro Dinky EverT B-Stock,1.365,Sofort lieferbar
1012,Schecter,Hellraiser C-7 FR S BC B-Stock,1.299,Sofort lieferbar
1013,Schecter,Demon-6 Satin Black Bundle,666,In 6–8 Wochen lieferbar
1014,Music Man,Petrucci JP15 Quilt CP,4.798,Lieferbar in mehreren Monaten
1015,BC Rich,Shredzilla Extreme Exotic PH,1.498,Sofort lieferbar
1016,BC Rich,Shredzilla Extreme Exo B-Stock,1.339,Sofort lieferbar
1017,Schecter,Reaper-6 FR Satin Sky  B-Stock,879,Sofort lieferbar
1018,Ibanez,JCRG2002-SLH J. Custom,6.999,Sofort lieferbar
1019,Schecter,SLS Elite C-1 FR S BFB B-Stock,1.389,Sofort lieferbar
1020,Schecter,Demon-6 Satin Black Bundle,666,In 6–8 Wochen lieferbar
1021,Squier,CV 70s Strat LRL OW B-Stock,349,Sofort lieferbar
1022,BC Rich,Shredzilla Extreme Exotic SM,1.649,Sofort lieferbar
1023,Charvel,Pro-Mod DK24 HH 2PT CM B-Stock,789,Sofort lieferbar
1024,Fender,LTD Player Strat HSS M B-Stock,685,Sofort lieferbar
1025,Squier,Bullet Strat HSS Bundle,290,Sofort lieferbar
1026,Harley Benton,CST-24 BK Bundle,367,In 5–7 Wochen lieferbar
1027,Harley Benton,CST-24T Paradise Flame Bundle,446,In 5–7 Wochen lieferbar
1028,Harley Benton,ST-20 BK Standard Serie Bundle,169,In 1–2 Wochen lieferbar
1029,ESP,LTD H-1001 QM See Thru B-Stock,999,Sofort lieferbar
1030,Ibanez,RG5120M-FCN B-Stock,1.659,Sofort lieferbar
1031,Schecter,Hellraiser C-7 FR S BL B-Stock,1.199,Sofort lieferbar
1032,Jackson,DK Mod Pro Dinky EverT B-Stock,1.365,Sofort lieferbar
1033,Schecter,Hellraiser C-7 FR S BC B-Stock,1.299,Sofort lieferbar
1034,Schecter,Demon-6 Satin Black Bundle,666,In 6–8 Wochen lieferbar
1035,Music Man,Petrucci JP15 Quilt CP,4.798,Lieferbar in mehreren Monaten
1036,BC Rich,Shredzilla Extreme Exotic PH,1.498,Sofort lieferbar
1037,BC Rich,Shredzilla Extreme Exo B-Stock,1.339,Sofort lieferbar
1038,Schecter,Reaper-6 FR Satin Sky  B-Stock,879,Sofort lieferbar
1039,Ibanez,JCRG2002-SLH J. Custom,6.999,Sofort lieferbar
1040,Schecter,SLS Elite C-1 FR S BFB B-Stock,1.389,Sofort lieferbar
1041,Schecter,Demon-6 Satin Black Bundle,666,In 6–8 Wochen lieferbar
1042,Squier,CV 70s Strat LRL OW B-Stock,349,Sofort lieferbar
1043,BC Rich,Shredzilla Extreme Exotic SM,1.649,Sofort lieferbar
1044,Charvel,Pro-Mod DK24 HH 2PT CM B-Stock,789,Sofort lieferbar
1045,Fender,LTD Player Strat HSS M B-Stock,685,Sofort lieferbar
1046,Squier,Bullet Strat HSS Bundle,290,Sofort lieferbar
1047,Harley Benton,CST-24 BK Bundle,367,In 5–7 Wochen lieferbar
1048,Harley Benton,CST-24T Paradise Flame Bundle,446,In 5–7 Wochen lieferbar
1049,Harley Benton,ST-20 BK Standard Serie Bundle,169,In 1–2 Wochen lieferbar
1050,ESP,LTD H-1001 QM See Thru B-Stock,999,Sofort lieferbar
1051,Ibanez,RG5120M-FCN B-Stock,1.659,Sofort lieferbar
1052,Schecter,Hellraiser C-7 FR S BL B-Stock,1.199,Sofort lieferbar
1053,Jackson,DK Mod Pro Dinky EverT B-Stock,1.365,Sofort lieferbar
1054,Schecter,Hellraiser C-7 FR S BC B-Stock,1.299,Sofort lieferbar
1055,Schecter,Demon-6 Satin Black Bundle,666,In 6–8 Wochen lieferbar
1056,Music Man,Petrucci JP15 Quilt CP,4.798,Lieferbar in mehreren Monaten
1057,BC Rich,Shredzilla Extreme Exotic PH,1.498,Sofort lieferbar
1058,BC Rich,Shredzilla Extreme Exo B-Stock,1.339,Sofort lieferbar
1059,Schecter,Reaper-6 FR Satin Sky  B-Stock,879,Sofort lieferbar
1060,Ibanez,JCRG2002-SLH J. Custom,6.999,Sofort lieferbar
1061,Schecter,SLS Elite C-1 FR S BFB B-Stock,1.389,Sofort lieferbar
1062,Schecter,Demon-6 Satin Black Bundle,666,In 6–8 Wochen lieferbar
1063,Squier,CV 70s Strat LRL OW B-Stock,349,Sofort lieferbar
1064,BC Rich,Shredzilla Extreme Exotic SM,1.649,Sofort lieferbar
1065,Charvel,Pro-Mod DK24 HH 2PT CM B-Stock,789,Sofort lieferbar
1066,Fender,LTD Player Strat HSS M B-Stock,685,Sofort lieferbar
1067,Squier,Bullet Strat HSS Bundle,290,Sofort lieferbar
1068,Harley Benton,CST-24 BK Bundle,367,In 5–7 Wochen lieferbar
1069,Harley Benton,CST-24T Paradise Flame Bundle,446,In 5–7 Wochen lieferbar
1070,Harley Benton,ST-20 BK Standard Serie Bundle,169,In 1–2 Wochen lieferbar
1071,ESP,LTD H-1001 QM See Thru B-Stock,999,Sofort lieferbar
1072,Ibanez,RG5120M-FCN B-Stock,1.659,Sofort lieferbar
1073,Schecter,Hellraiser C-7 FR S BL B-Stock,1.199,Sofort lieferbar
1074,Jackson,DK Mod Pro Dinky EverT B-Stock,1.365,Sofort lieferbar
1075,Schecter,Hellraiser C-7 FR S BC B-Stock,1.299,Sofort lieferbar
1076,Schecter,Demon-6 Satin Black Bundle,666,In 6–8 Wochen lieferbar
1077,Music Man,Petrucci JP15 Quilt CP,4.798,Lieferbar in mehreren Monaten
1078,BC Rich,Shredzilla Extreme Exotic PH,1.498,Sofort lieferbar
1079,BC Rich,Shredzilla Extreme Exo B-Stock,1.339,Sofort lieferbar
1080,Schecter,Reaper-6 FR Satin Sky  B-Stock,879,Sofort lieferbar
1081,Ibanez,JCRG2002-SLH J. Custom,6.999,Sofort lieferbar
1082,Schecter,SLS Elite C-1 FR S BFB B-Stock,1.389,Sofort lieferbar
1083,Schecter,Demon-6 Satin Black Bundle,666,In 6–8 Wochen lieferbar
1084,Squier,CV 70s Strat LRL OW B-Stock,349,Sofort lieferbar
1085,BC Rich,Shredzilla Extreme Exotic SM,1.649,Sofort lieferbar
1086,Charvel,Pro-Mod DK24 HH 2PT CM B-Stock,789,Sofort lieferbar
1087,Fender,LTD Player Strat HSS M B-Stock,685,Sofort lieferbar
1088,Squier,Bullet Strat HSS Bundle,290,Sofort lieferbar
1089,Harley Benton,CST-24 BK Bundle,367,In 5–7 Wochen lieferbar
1090,Harley Benton,CST-24T Paradise Flame Bundle,446,In 5–7 Wochen lieferbar
1091,Harley Benton,ST-20 BK Standard Serie Bundle,169,In 1–2 Wochen lieferbar
1092,ESP,LTD H-1001 QM See Thru B-Stock,999,Sofort lieferbar
1093,Ibanez,RG5120M-FCN B-Stock,1.659,Sofort lieferbar
1094,Schecter,Hellraiser C-7 FR S BL B-Stock,1.199,Sofort lieferbar
1095,Jackson,DK Mod Pro Dinky EverT B-Stock,1.365,Sofort lieferbar
1096,Schecter,Hellraiser C-7 FR S BC B-Stock,1.299,Sofort lieferbar
1097,Schecter,Demon-6 Satin Black Bundle,666,In 6–8 Wochen lieferbar
1098,Music Man,Petrucci JP15 Quilt CP,4.798,Lieferbar in mehreren Monaten
1099,BC Rich,Shredzilla Extreme Exotic PH,1.498,Sofort lieferbar
1100,BC Rich,Shredzilla Extreme Exo B-Stock,1.339,Sofort lieferbar
1101,Schecter,Reaper-6 FR Satin Sky  B-Stock,879,Sofort lieferbar
1102,Ibanez,JCRG2002-SLH J. Custom,6.999,Sofort lieferbar
1103,Schecter,SLS Elite C-1 FR S BFB B-Stock,1.389,Sofort lieferbar
1104,Schecter,Demon-6 Satin Black Bundle,666,In 6–8 Wochen lieferbar
1105,Squier,CV 70s Strat LRL OW B-Stock,349,Sofort lieferbar
1106,BC Rich,Shredzilla Extreme Exotic SM,1.649,Sofort lieferbar
1107,Charvel,Pro-Mod DK24 HH 2PT CM B-Stock,789,Sofort lieferbar
1108,Fender,LTD Player Strat HSS M B-Stock,685,Sofort lieferbar
1109,Squier,Bullet Strat HSS Bundle,290,Sofort lieferbar
1110,Harley Benton,CST-24 BK Bundle,367,In 5–7 Wochen lieferbar
1111,Harley Benton,CST-24T Paradise Flame Bundle,446,In 5–7 Wochen lieferbar
1112,Harley Benton,ST-20 BK Standard Serie Bundle,169,In 1–2 Wochen lieferbar
1113,ESP,LTD H-1001 QM See Thru B-Stock,999,Sofort lieferbar
1114,Ibanez,RG5120M-FCN B-Stock,1.659,Sofort lieferbar
1115,Schecter,Hellraiser C-7 FR S BL B-Stock,1.199,Sofort lieferbar
1116,Jackson,DK Mod Pro Dinky EverT B-Stock,1.365,Sofort lieferbar
1117,Schecter,Hellraiser C-7 FR S BC B-Stock,1.299,Sofort lieferbar
1118,Schecter,Demon-6 Satin Black Bundle,666,In 6–8 Wochen lieferbar
1119,Music Man,Petrucci JP15 Quilt CP,4.798,Lieferbar in mehreren Monaten
1120,BC Rich,Shredzilla Extreme Exotic PH,1.498,Sofort lieferbar
1121,BC Rich,Shredzilla Extreme Exo B-Stock,1.339,Sofort lieferbar
1122,Schecter,Reaper-6 FR Satin Sky  B-Stock,879,Sofort lieferbar
1123,Ibanez,JCRG2002-SLH J. Custom,6.999,Sofort lieferbar
1124,Schecter,SLS Elite C-1 FR S BFB B-Stock,1.389,Sofort lieferbar
1125,Schecter,Demon-6 Satin Black Bundle,666,In 6–8 Wochen lieferbar
1126,Squier,CV 70s Strat LRL OW B-Stock,349,Sofort lieferbar
1127,BC Rich,Shredzilla Extreme Exotic SM,1.649,Sofort lieferbar
1128,Charvel,Pro-Mod DK24 HH 2PT CM B-Stock,789,Sofort lieferbar
1129,Fender,LTD Player Strat HSS M B-Stock,685,Sofort lieferbar
1130,Squier,Bullet Strat HSS Bundle,290,Sofort lieferbar
1131,Harley Benton,CST-24 BK Bundle,367,In 5–7 Wochen lieferbar
1132,Harley Benton,CST-24T Paradise Flame Bundle,446,In 5–7 Wochen lieferbar
1133,Harley Benton,ST-20 BK Standard Serie Bundle,169,In 1–2 Wochen lieferbar
1134,ESP,LTD H-1001 QM See Thru B-Stock,999,Sofort lieferbar
1135,Ibanez,RG5120M-FCN B-Stock,1.659,Sofort lieferbar
1136,Schecter,Hellraiser C-7 FR S BL B-Stock,1.199,Sofort lieferbar
1137,Jackson,DK Mod Pro Dinky EverT B-Stock,1.365,Sofort lieferbar
1138,Schecter,Hellraiser C-7 FR S BC B-Stock,1.299,Sofort lieferbar
1139,Schecter,Demon-6 Satin Black Bundle,666,In 6–8 Wochen lieferbar
1140,Music Man,Petrucci JP15 Quilt CP,4.798,Lieferbar in mehreren Monaten
1141,BC Rich,Shredzilla Extreme Exotic PH,1.498,Sofort lieferbar
1142,BC Rich,Shredzilla Extreme Exo B-Stock,1.339,Sofort lieferbar
1143,Schecter,Reaper-6 FR Satin Sky  B-Stock,879,Sofort lieferbar
1144,Ibanez,JCRG2002-SLH J. Custom,6.999,Sofort lieferbar
1145,Schecter,SLS Elite C-1 FR S BFB B-Stock,1.389,Sofort lieferbar
1146,Schecter,Demon-6 Satin Black Bundle,666,In 6–8 Wochen lieferbar
1147,Squier,CV 70s Strat LRL OW B-Stock,349,Sofort lieferbar
1148,BC Rich,Shredzilla Extreme Exotic SM,1.649,Sofort lieferbar
1149,Charvel,Pro-Mod DK24 HH 2PT CM B-Stock,789,Sofort lieferbar
1150,Fender,LTD Player Strat HSS M B-Stock,685,Sofort lieferbar
1151,Squier,Bullet Strat HSS Bundle,290,Sofort lieferbar
1152,Harley Benton,CST-24 BK Bundle,367,In 5–7 Wochen lieferbar
1153,Harley Benton,CST-24T Paradise Flame Bundle,446,In 5–7 Wochen lieferbar
1154,Harley Benton,ST-20 BK Standard Serie Bundle,169,In 1–2 Wochen lieferbar
1155,ESP,LTD H-1001 QM See Thru B-Stock,999,Sofort lieferbar
1156,Ibanez,RG5120M-FCN B-Stock,1.659,Sofort lieferbar
1157,Schecter,Hellraiser C-7 FR S BL B-Stock,1.199,Sofort lieferbar
1158,Jackson,DK Mod Pro Dinky EverT B-Stock,1.365,Sofort lieferbar
1159,Schecter,Hellraiser C-7 FR S BC B-Stock,1.299,Sofort lieferbar
1160,Schecter,Demon-6 Satin Black Bundle,666,In 6–8 Wochen lieferbar
1161,Music Man,Petrucci JP15 Quilt CP,4.798,Lieferbar in mehreren Monaten
1162,BC Rich,Shredzilla Extreme Exotic PH,1.498,Sofort lieferbar
1163,BC Rich,Shredzilla Extreme Exo B-Stock,1.339,Sofort lieferbar
1164,Schecter,Reaper-6 FR Satin Sky  B-Stock,879,Sofort lieferbar
1165,Ibanez,JCRG2002-SLH J. Custom,6.999,Sofort lieferbar
1166,Schecter,SLS Elite C-1 FR S BFB B-Stock,1.389,Sofort lieferbar
1167,Schecter,Demon-6 Satin Black Bundle,666,In 6–8 Wochen lieferbar
1168,Squier,CV 70s Strat LRL OW B-Stock,349,Sofort lieferbar
1169,BC Rich,Shredzilla Extreme Exotic SM,1.649,Sofort lieferbar
1170,Charvel,Pro-Mod DK24 HH 2PT CM B-Stock,789,Sofort lieferbar
1171,Fender,LTD Player Strat HSS M B-Stock,685,Sofort lieferbar
1172,Squier,Bullet Strat HSS Bundle,290,Sofort lieferbar
1173,Harley Benton,CST-24 BK Bundle,367,In 5–7 Wochen lieferbar
1174,Harley Benton,CST-24T Paradise Flame Bundle,446,In 5–7 Wochen lieferbar
1175,Harley Benton,ST-20 BK Standard Serie Bundle,169,In 1–2 Wochen lieferbar
